Sharon,Allen,ShaAllen3@irrepsy.com,ShaAllen,Sharon_Allen261240,2,241.09,1,7,5,upvote,1970
Erick,Tate,EriTate2@deons.tech,EriTate,Erick_Tate96034763,2,235.15,2,5,2,downvote,1973
Barney,Webster,BarWebster2@sveldo.biz,BarWebster,Barney_Webster9094,1,200.84,3,1,1,upvote,1974
Liam,Bishop,LiaBishop8@bungar.biz,LiaBishop,Liam_Bishop1125765,2,254.58,7,8,2,downvote,851
Kamila,Harrison,KamHarrison9@cispeto.com,KamHarrison,Kamila_Harrison154,2,280.06,1,4,1,upvote,1971
Caleb,Woods,CalWoods4@ubusive.com,CalWoods,Caleb_Woods1795246,2,234.41,2,6,4,downvote,1970
Benjamin,Mason,BenMason4@iatim.tech,BenMason,Benjamin_Mason8911,2,290.81,3,5,1,upvote,1973
George,Larsen,GeoLarsen4@bulaffy.com,GeoLarsen,George_Larsen74602,2,275.78,7,8,2,downvote,1974
Benny,Hammond,BenHammond1@typill.biz,BenHammond,Benny_Hammond19917,1,235.68,1,7,5,upvote,851
Ronald,Hamilton,RonHamilton10@cispeto.com,RonHamilton,Ronald_Hamilton395,1,207.09,2,7,1,downvote,1971
Daniel,Mooney,DanMooney9@ovock.tech,DanMooney,Daniel_Mooney16109,2,269.43,3,1,3,upvote,1970
Chad,Squire,ChaSquire10@hourpy.biz,ChaSquire,Chad_Squire7312157,1,234.82,7,4,2,downvote,1973
Jules,Gallacher,JulGallacher1@naiker.biz,JulGallacher,Jules_Gallacher129,2,285.27,1,1,1,upvote,1974
Kurt,Wilson,KurWilson5@gembat.biz,KurWilson,Kurt_Wilson1486418,1,283.67,2,6,4,downvote,851
Emmanuelle,Corbett,EmmCorbett5@irrepsy.com,EmmCorbett,Emmanuelle_Corbett,1,284.17,3,4,2,upvote,1971
Tania,Graves,TanGraves8@dionrab.com,TanGraves,Tania_Graves532098,2,248.61,7,2,2,downvote,1970
Hailey,Emerson,HaiEmerson2@extex.org,HaiEmerson,Hailey_Emerson2049,1,250.45,1,2,5,upvote,1973
Maddison,Asher,MadAsher3@bretoux.com,MadAsher,Maddison_Asher1153,1,203.38,2,7,1,downvote,1974
Lillian,Furnell,LilFurnell8@sheye.org,LilFurnell,Lillian_Furnell110,1,292.43,3,8,1,upvote,851
Hannah,Khan,HanKhan3@gembat.biz,HanKhan,Hannah_Khan1135260,1,210.59,7,3,4,downvote,1971
Cedrick,Dobson,CedDobson5@zorer.org,CedDobson,Cedrick_Dobson3047,2,265.25,1,5,2,upvote,1970
Percy,Radley,PerRadley2@womeona.net,PerRadley,Percy_Radley160169,2,216.28,2,3,4,downvote,1973
Matt,Sloan,MatSloan7@gmail.com,MatSloan,Matt_Sloan47929484,1,256.46,3,7,2,upvote,1974
Kassandra,Reynolds,KasReynolds6@womeona.net,KasReynolds,Kassandra_Reynolds,1,228.97,7,3,4,downvote,851
Gabriel,Groves,GabGroves1@ovock.tech,GabGroves,Gabriel_Groves1194,1,271.27,1,6,4,upvote,1971
Johnny,Jenkins,JohJenkins6@brety.org,JohJenkins,Johnny_Jenkins1087,1,255.35,2,8,3,downvote,1970
Kurt,Steer,KurSteer4@elnee.tech,KurSteer,Kurt_Steer12185847,1,241.35,3,6,1,upvote,1973
Lucas,James,LucJames6@extex.org,LucJames,Lucas_James1313849,1,233.62,7,5,3,downvote,1974
Allison,Truscott,AllTruscott2@deons.tech,AllTruscott,Allison_Truscott79,2,240.43,1,8,3,upvote,851
Gil,Sherry,GilSherry9@gembat.biz,GilSherry,Gil_Sherry77568089,2,262.28,2,3,4,downvote,1971
Kieth,Dyson,KieDyson1@bauros.biz,KieDyson,Kieth_Dyson9423508,1,280.26,3,7,1,upvote,1970
Aleksandra,Lynn,AleLynn2@bauros.biz,AleLynn,Aleksandra_Lynn732,1,246.21,7,2,5,downvote,1973
Martin,Bell,MarBell1@fuliss.net,MarBell,Martin_Bell7114354,2,292.1,1,2,3,upvote,1974
Jack,Wills,JacWills9@hourpy.biz,JacWills,Jack_Wills11575652,1,216.8,2,6,1,downvote,851
Fred,Hobbs,FreHobbs10@irrepsy.com,FreHobbs,Fred_Hobbs20526867,2,268.27,3,7,1,upvote,1971
Luke,Moore,LukMoore3@bungar.biz,LukMoore,Luke_Moore61819657,1,294.12,7,8,3,downvote,1970
Daria,Crawley,DarCrawley3@atink.com,DarCrawley,Daria_Crawley33182,2,255.23,1,5,2,upvote,1973
Ivette,Gregory,IveGregory6@sheye.org,IveGregory,Ivette_Gregory8865,2,287.99,2,8,1,downvote,1974
Aeris,Edley,AerEdley9@kideod.biz,AerEdley,Aeris_Edley1342307,1,284.08,3,2,2,upvote,851
Johnathan,Vane,JohVane2@sheye.org,JohVane,Johnathan_Vane1357,2,223.3,7,4,2,downvote,1971
Charlotte,Jackson,ChaJackson7@muall.tech,ChaJackson,Charlotte_Jackson1,2,242.08,1,2,2,upvote,1970
Harvey,Lowe,HarLowe2@deavo.com,HarLowe,Harvey_Lowe2115885,1,200.57,2,7,3,downvote,1973
Adeline,Boden,AdeBoden9@nanoff.biz,AdeBoden,Adeline_Boden71277,1,294.29,3,7,4,upvote,1974
Marla,Morgan,MarMorgan5@hourpy.biz,MarMorgan,Marla_Morgan354517,2,287.11,7,3,1,downvote,851
Alexander,Stewart,AleStewart10@naiker.biz,AleStewart,Alexander_Stewart4,1,244.53,1,7,2,upvote,1971
Liam,Sinclair,LiaSinclair1@deavo.com,LiaSinclair,Liam_Sinclair15071,2,297.91,2,3,5,downvote,1970
Rylee,Camden,RylCamden4@guentu.biz,RylCamden,Rylee_Camden144641,1,231.15,3,3,4,upvote,1973
Martin,Page ,MarPage 6@bauros.biz,MarPage ,Martin_Page 382277,1,299.37,7,6,5,downvote,1974
Rowan,Harrison,RowHarrison7@nickia.com,RowHarrison,Rowan_Harrison1708,2,271.06,1,3,1,upvote,851
Johnny,Dyson,JohDyson1@irrepsy.com,JohDyson,Johnny_Dyson873921,2,236.43,2,5,2,downvote,1971
Melinda,Cattell,MelCattell9@sheye.org,MelCattell,Melinda_Cattell140,2,278.45,3,4,3,upvote,1970
Hank,Dwyer,HanDwyer4@womeona.net,HanDwyer,Hank_Dwyer24569037,1,263.16,7,2,3,downvote,1973
Julian,Whatson,JulWhatson2@tonsy.org,JulWhatson,Julian_Whatson7922,1,216.57,1,7,2,upvote,1974
Evelynn,Miller,EveMiller10@deavo.com,EveMiller,Evelynn_Miller1713,1,281.54,2,7,3,downvote,851
Henry,Gunn,HenGunn10@supunk.biz,HenGunn,Henry_Gunn85571828,2,293.67,3,4,3,upvote,1971
Keira,Mann,KeiMann2@ubusive.com,KeiMann,Keira_Mann14799766,1,295.45,7,6,4,downvote,1970
Regina,Ebden,RegEbden2@womeona.net,RegEbden,Regina_Ebden334422,1,236.81,1,2,1,upvote,1973
Julian,Ellis,JulEllis10@bungar.biz,JulEllis,Julian_Ellis883844,1,226.35,2,1,2,downvote,1974
Tyler,Robertson,TylRobertson5@jiman.org,TylRobertson,Tyler_Robertson177,2,262.6,3,7,2,upvote,851
Lana,Sloan,LanSloan10@corti.com,LanSloan,Lana_Sloan91393355,2,253.39,7,1,1,downvote,1971
Ema,Eaton,EmaEaton6@bungar.biz,EmaEaton,Ema_Eaton129746870,2,279.45,1,4,4,upvote,1970
Sabina,Cox,SabCox1@nanoff.biz,SabCox,Sabina_Cox35716564,1,271.79,2,1,3,downvote,1973
Diane,Partridge,DiaPartridge3@supunk.biz,DiaPartridge,Diane_Partridge192,2,213.36,3,1,3,upvote,1974
Phillip,Barclay,PhiBarclay8@gompie.com,PhiBarclay,Phillip_Barclay983,2,205.03,7,7,5,downvote,851
Barry,Jefferson,BarJefferson3@gmail.com,BarJefferson,Barry_Jefferson126,1,291.85,1,3,5,upvote,1971
Luke,Yarlett,LukYarlett6@gompie.com,LukYarlett,Luke_Yarlett153309,2,281.94,2,6,2,downvote,1970
Anthony,Pond,AntPond6@gompie.com,AntPond,Anthony_Pond156734,2,298.89,3,1,2,upvote,1973
Domenic,Franks,DomFranks2@guentu.biz,DomFranks,Domenic_Franks1481,1,232.41,7,6,2,downvote,1974
Evelynn,Rowlands,EveRowlands1@nickia.com,EveRowlands,Evelynn_Rowlands14,1,232.91,1,5,1,upvote,851
Dakota,Roscoe,DakRoscoe3@deons.tech,DakRoscoe,Dakota_Roscoe14427,2,240.91,2,1,1,downvote,1971
Denny,Santos,DenSantos7@ovock.tech,DenSantos,Denny_Santos101800,1,288.84,3,7,2,upvote,1970
Oliver,Palmer,OliPalmer1@twipet.com,OliPalmer,Oliver_Palmer87028,2,273.9,7,2,3,downvote,1973
Rosa,Fields,RosFields2@nanoff.biz,RosFields,Rosa_Fields1160106,1,216.91,1,3,1,upvote,1974
Bree,Johnson,BreJohnson8@gembat.biz,BreJohnson,Bree_Johnson852566,2,221.58,2,2,5,downvote,851
Julian,Woodley,JulWoodley7@tonsy.org,JulWoodley,Julian_Woodley5208,1,200.36,3,5,4,upvote,1971
Julian,Poole,JulPoole1@infotech44.tech,JulPoole,Julian_Poole780364,1,236.66,7,8,1,downvote,1970
Tess,Brennan,TesBrennan10@nanoff.biz,TesBrennan,Tess_Brennan171571,1,256.68,1,6,2,upvote,1973
Harry,Ramsey,HarRamsey7@bauros.biz,HarRamsey,Harry_Ramsey447366,2,247.15,2,4,4,downvote,1974
Sarah,Gates,SarGates2@deons.tech,SarGates,Sarah_Gates1155694,2,205.63,3,3,2,upvote,851
Bryon,Truscott,BryTruscott3@sheye.org,BryTruscott,Bryon_Truscott1466,2,287.12,7,2,4,downvote,1971
Emery,Rehman,EmeRehman3@gembat.biz,EmeRehman,Emery_Rehman136900,2,278.04,1,1,2,upvote,1970
Camila,Neville,CamNeville3@kideod.biz,CamNeville,Camila_Neville1747,2,251.35,2,7,5,downvote,1973
Clint,Kennedy,CliKennedy2@muall.tech,CliKennedy,Clint_Kennedy25412,1,269.5,3,5,2,upvote,1974
Jenna,Vallory,JenVallory6@famism.biz,JenVallory,Jenna_Vallory11828,1,275.1,7,2,4,downvote,851
Cedrick,Ellis,CedEllis4@joiniaa.com,CedEllis,Cedrick_Ellis99707,1,251.05,1,1,1,upvote,1971
Christine,Robertson,ChrRobertson3@tonsy.org,ChrRobertson,Christine_Robertso,2,295.01,2,5,4,downvote,1970
Noemi,Goldsmith,NoeGoldsmith5@hourpy.biz,NoeGoldsmith,Noemi_Goldsmith433,2,275.19,3,1,1,upvote,1973
Chuck,Zaoui,ChuZaoui8@sheye.org,ChuZaoui,Chuck_Zaoui7467660,1,257.48,7,7,5,downvote,1974
Meredith,Drummond,MerDrummond4@fuliss.net,MerDrummond,Meredith_Drummond2,2,226.89,1,1,4,upvote,851
Angela,Bell,AngBell4@supunk.biz,AngBell,Angela_Bell7347820,2,272.57,2,2,4,downvote,1971
Noah,Styles,NoaStyles2@qater.org,NoaStyles,Noah_Styles2590314,1,226.67,3,8,5,upvote,1970
Nathan,Knight,NatKnight8@sveldo.biz,NatKnight,Nathan_Knight15377,1,221.8,7,4,4,downvote,1973
Adela,Vallory,AdeVallory3@bulaffy.com,AdeVallory,Adela_Vallory16044,1,250.55,1,5,3,upvote,1974
Gloria,Clark,GloClark4@brety.org,GloClark,Gloria_Clark199901,2,271.24,2,2,5,downvote,851
Tyson,Ashwell,TysAshwell7@deons.tech,TysAshwell,Tyson_Ashwell66375,1,227.88,3,1,1,upvote,1971
Carter,Roman,CarRoman10@deavo.com,CarRoman,Carter_Roman212220,2,289.29,7,2,4,downvote,1970
Cassandra,Wright,CasWright10@zorer.org,CasWright,Cassandra_Wright15,2,286.93,1,5,1,upvote,1973
Alessia,Lindop,AleLindop5@mafthy.com,AleLindop,Alessia_Lindop1671,2,207.74,2,2,4,downvote,1974
Gwen,Vinton,GweVinton7@muall.tech,GweVinton,Gwen_Vinton1106703,1,236.85,3,2,2,upvote,851
Bryon,Samuel,BrySamuel8@kideod.biz,BrySamuel,Bryon_Samuel212160,2,234.32,7,2,2,downvote,1971
Nicole,Brennan,NicBrennan8@irrepsy.com,NicBrennan,Nicole_Brennan1643,2,277.34,1,5,5,upvote,1970
Hank,Locke,HanLocke4@infotech44.tech,HanLocke,Hank_Locke17388189,2,227.24,2,4,3,downvote,1973
Brad,May,BraMay1@famism.biz,BraMay,Brad_May1862664773,1,278.83,3,8,3,upvote,1974
Analise,Whittle,AnaWhittle3@muall.tech,AnaWhittle,Analise_Whittle103,2,218.9,7,1,2,downvote,851
Henry,Craig,HenCraig5@joiniaa.com,HenCraig,Henry_Craig8885419,2,276.22,1,4,3,upvote,1971
Karen,Wade,KarWade2@liret.org,KarWade,Karen_Wade12937157,2,283.88,2,7,4,downvote,1970
Josh,Benson,JosBenson9@bretoux.com,JosBenson,Josh_Benson1984485,2,252.08,3,1,5,upvote,1973
Michael,Hogg,MicHogg8@twace.org,MicHogg,Michael_Hogg150899,1,205.51,7,1,3,downvote,1974
Jules,Marshall,JulMarshall1@vetan.org,JulMarshall,Jules_Marshall5240,2,247.96,1,5,1,upvote,851
Bart,Quinton,BarQuinton10@irrepsy.com,BarQuinton,Bart_Quinton313188,2,238.95,2,5,4,downvote,1971
Sonya,Rowe,SonRowe8@iatim.tech,SonRowe,Sonya_Rowe51633340,2,200.66,3,8,3,upvote,1970
Mike,Swift,MikSwift7@deavo.com,MikSwift,Mike_Swift19210515,2,225.46,7,1,3,downvote,1973
Francesca,Wilkinson,FraWilkinson5@hourpy.biz,FraWilkinson,Francesca_Wilkinso,2,272.54,1,1,2,upvote,1974
Jack,Oswald,JacOswald3@famism.biz,JacOswald,Jack_Oswald1358905,1,229.38,2,2,5,downvote,851
Stacy,Burge,StaBurge4@bungar.biz,StaBurge,Stacy_Burge7652558,1,235.59,3,4,3,upvote,1971
Margaret,Burge,MarBurge9@womeona.net,MarBurge,Margaret_Burge3887,1,219.26,7,5,5,downvote,1970
Vanessa,Roberts,VanRoberts7@twipet.com,VanRoberts,Vanessa_Roberts963,1,216.35,1,7,2,upvote,1973
Danielle,Jennson,DanJennson7@brety.org,DanJennson,Danielle_Jennson97,1,284.34,2,1,2,downvote,1974
Wade,Gilmore,WadGilmore9@dionrab.com,WadGilmore,Wade_Gilmore161162,1,242.27,3,5,4,upvote,851
Marina,Burge,MarBurge7@typill.biz,MarBurge,Marina_Burge182550,1,206.85,7,5,2,downvote,1971
Carrie,Dixon,CarDixon5@twipet.com,CarDixon,Carrie_Dixon153061,2,236.87,1,2,5,upvote,1970
Olivia,Wren,OliWren5@corti.com,OliWren,Olivia_Wren1211141,2,274.1,2,3,5,downvote,1973
Sharon,Jarrett,ShaJarrett8@gmail.com,ShaJarrett,Sharon_Jarrett2033,1,278.18,3,4,5,upvote,1974
Mike,Hogg,MikHogg8@corti.com,MikHogg,Mike_Hogg174682036,2,281.82,7,2,1,downvote,851
Clint,Silva,CliSilva10@typill.biz,CliSilva,Clint_Silva9039041,2,287.42,1,4,5,upvote,1971
Michelle,James,MicJames7@corti.com,MicJames,Michelle_James1332,2,223.13,2,4,5,downvote,1970
Aileen,Roman,AilRoman8@acrit.org,AilRoman,Aileen_Roman170915,1,268.28,3,7,5,upvote,1973
Ramon,Flynn,RamFlynn5@typill.biz,RamFlynn,Ramon_Flynn1600315,1,271.37,7,6,5,downvote,1974
Maribel,Camden,MarCamden7@extex.org,MarCamden,Maribel_Camden1388,1,266.3,1,3,5,upvote,851
Tony,Edwards,TonEdwards6@qater.org,TonEdwards,Tony_Edwards214231,1,248.31,2,5,3,downvote,1971
Carter,Robinson,CarRobinson1@sheye.org,CarRobinson,Carter_Robinson487,1,282.84,3,8,1,upvote,1970
Maxwell,Stanley,MaxStanley3@sveldo.biz,MaxStanley,Maxwell_Stanley594,2,263.75,7,1,3,downvote,1973
Kassandra,Irving,KasIrving2@nanoff.biz,KasIrving,Kassandra_Irving16,2,234.26,1,8,2,upvote,1974
Elise,Redwood,EliRedwood9@hourpy.biz,EliRedwood,Elise_Redwood37152,1,268.84,2,2,4,downvote,851
Hank,Wilkinson,HanWilkinson5@twipet.com,HanWilkinson,Hank_Wilkinson6787,2,293.13,3,8,4,upvote,1971
Helen,Becker,HelBecker2@typill.biz,HelBecker,Helen_Becker122756,2,281.73,7,6,5,downvote,1970
Wendy,Dann,WenDann7@famism.biz,WenDann,Wendy_Dann69390704,1,279.16,1,1,2,upvote,1973
Hazel,Ripley,HazRipley1@bulaffy.com,HazRipley,Hazel_Ripley887786,1,285.67,2,3,1,downvote,1974
Cristal,Sherwood,CriSherwood2@muall.tech,CriSherwood,Cristal_Sherwood34,1,287.5,3,6,5,upvote,851
Gabriel,Ashley,GabAshley5@qater.org,GabAshley,Gabriel_Ashley4566,1,252.5,7,5,2,downvote,1971
Gloria,Brennan,GloBrennan3@vetan.org,GloBrennan,Gloria_Brennan2115,1,200.63,1,2,3,upvote,1970
Aiden,Yarlett,AidYarlett7@gembat.biz,AidYarlett,Aiden_Yarlett18059,1,299.55,2,3,2,downvote,1973
Elijah,Wheeler,EliWheeler8@mafthy.com,EliWheeler,Elijah_Wheeler1513,2,293.44,3,4,4,upvote,1974
Bob,Dixon,BobDixon2@acrit.org,BobDixon,Bob_Dixon174091328,2,237.17,7,8,3,downvote,851
Chad,Henderson,ChaHenderson3@yahoo.com,ChaHenderson,Chad_Henderson1608,1,295.45,1,8,2,upvote,1971
Zoe,Poole,ZoePoole4@ovock.tech,ZoePoole,Zoe_Poole167305930,2,245.18,2,4,3,downvote,1970
Ryan,Bell,RyaBell3@acrit.org,RyaBell,Ryan_Bell119100209,1,240.94,3,1,5,upvote,1973
Janice,Grant,JanGrant2@nanoff.biz,JanGrant,Janice_Grant158788,1,278.01,7,4,3,downvote,1974
Denny,Butler,DenButler9@naiker.biz,DenButler,Denny_Butler111281,2,214.46,1,4,4,upvote,851
Chester,York,CheYork2@zorer.org,CheYork,Chester_York114557,1,226.36,2,4,3,downvote,1971
Chadwick,Mitchell,ChaMitchell2@corti.com,ChaMitchell,Chadwick_Mitchell6,1,291.39,3,5,1,upvote,1970
Angelica,Ellwood,AngEllwood6@bungar.biz,AngEllwood,Angelica_Ellwood17,2,214.27,7,8,4,downvote,1973
Helen,Richardson,HelRichardson5@naiker.biz,HelRichardson,Helen_Richardson12,1,274.89,1,8,1,upvote,1974
Lucy,Addis,LucAddis7@ubusive.com,LucAddis,Lucy_Addis16431020,2,242.79,2,6,1,downvote,851
Eileen,Lambert,EilLambert2@zorer.org,EilLambert,Eileen_Lambert1656,1,234.25,3,1,5,upvote,1971
Aurelia,Stone ,AurStone 4@deavo.com,AurStone ,Aurelia_Stone 2116,1,289.22,7,2,2,downvote,1970
Monica,Gordon,MonGordon8@infotech44.tech,MonGordon,Monica_Gordon20728,2,224.91,1,3,2,upvote,1973
Daniel,Emmott,DanEmmott9@zorer.org,DanEmmott,Daniel_Emmott82742,1,254.74,2,3,2,downvote,1974
Alma,Stevens,AlmStevens4@vetan.org,AlmStevens,Alma_Stevens798255,1,280.56,3,1,4,upvote,851
Clint,Mooney,CliMooney4@iatim.tech,CliMooney,Clint_Mooney137484,2,231.14,7,2,4,downvote,1971
Daphne,Latham,DapLatham1@typill.biz,DapLatham,Daphne_Latham19093,2,241.34,1,3,1,upvote,1970
Ally,Nobbs,AllNobbs9@typill.biz,AllNobbs,Ally_Nobbs20047827,1,234.22,2,1,4,downvote,1973
Nathan,Cameron,NatCameron4@acrit.org,NatCameron,Nathan_Cameron6625,1,230.01,3,7,1,upvote,1974
Holly,Ellwood,HolEllwood5@deons.tech,HolEllwood,Holly_Ellwood18558,2,258.13,7,6,3,downvote,851
Harvey,Olson,HarOlson3@bretoux.com,HarOlson,Harvey_Olson161625,1,254.7,1,3,2,upvote,1971
Julianna,Gonzales,JulGonzales7@qater.org,JulGonzales,Julianna_Gonzales1,1,233.34,2,7,1,downvote,1970
Josephine,Hobbs,JosHobbs2@nickia.com,JosHobbs,Josephine_Hobbs131,2,298.32,3,5,1,upvote,1973
Domenic,Reading,DomReading1@gmail.com,DomReading,Domenic_Reading410,1,233.14,7,6,5,downvote,1974
Jackeline,Pope,JacPope3@bauros.biz,JacPope,Jackeline_Pope1188,1,202.7,1,8,4,upvote,851
Mark,Driscoll,MarDriscoll6@ovock.tech,MarDriscoll,Mark_Driscoll74933,1,246.67,2,8,3,downvote,1971
Robyn,Russel,RobRussel9@vetan.org,RobRussel,Robyn_Russel104029,2,244.12,3,2,1,upvote,1970
Gabriel,Burge,GabBurge6@sheye.org,GabBurge,Gabriel_Burge65578,1,260.89,7,7,1,downvote,1973
Candace,Doherty,CanDoherty2@atink.com,CanDoherty,Candace_Doherty130,1,203.76,1,5,5,upvote,1974
Cedrick,Robertson,CedRobertson9@kideod.biz,CedRobertson,Cedrick_Robertson1,2,235.02,2,1,4,downvote,851
Alexander,Brooks,AleBrooks10@mafthy.com,AleBrooks,Alexander_Brooks15,1,229.99,3,2,3,upvote,1971
Shannon,Higgs,ShaHiggs10@yahoo.com,ShaHiggs,Shannon_Higgs16594,1,280.43,7,8,5,downvote,1970
Maria,Willson,MarWillson6@infotech44.tech,MarWillson,Maria_Willson19166,1,251.05,1,7,4,upvote,1973
Leanne,Norman,LeaNorman2@qater.org,LeaNorman,Leanne_Norman41518,1,267.48,2,8,3,downvote,1974
Bristol,Price,BriPrice9@nickia.com,BriPrice,Bristol_Price71974,1,293,3,2,3,upvote,851
Tara,Latham,TarLatham2@sveldo.biz,TarLatham,Tara_Latham9946775,1,215.27,7,4,3,downvote,1971
Rick,Callan,RicCallan4@ovock.tech,RicCallan,Rick_Callan4569276,1,208.03,1,8,1,upvote,1970
Alessia,Williams,AleWilliams10@bungar.biz,AleWilliams,Alessia_Williams18,1,242.62,2,6,3,downvote,1973
Harriet,Dowson,HarDowson9@nanoff.biz,HarDowson,Harriet_Dowson9419,2,232.58,3,7,3,upvote,1974
Jaylene,Giles,JayGiles1@typill.biz,JayGiles,Jaylene_Giles23593,2,299.98,7,3,1,downvote,851
Ruby,Kaur,RubKaur9@famism.biz,RubKaur,Ruby_Kaur557008948,1,282.92,1,8,5,upvote,1971
Mayleen,Morris,MayMorris1@zorer.org,MayMorris,Mayleen_Morris1592,2,271.21,2,3,2,downvote,1970
Marigold,Khan,MarKhan2@deons.tech,MarKhan,Marigold_Khan13449,2,208.74,3,7,5,upvote,1973
John,Boden,JohBoden5@fuliss.net,JohBoden,John_Boden25225585,1,231.93,7,1,5,downvote,1974
Adelaide,Howard,AdeHoward7@sveldo.biz,AdeHoward,Adelaide_Howard926,1,219.09,1,8,2,upvote,851
Josephine,Exton,JosExton4@liret.org,JosExton,Josephine_Exton200,1,276.92,2,6,3,downvote,1971
Josephine,Rivers,JosRivers8@guentu.biz,JosRivers,Josephine_Rivers78,1,295.92,3,5,2,upvote,1970
David,Bennett,DavBennett8@supunk.biz,DavBennett,David_Bennett24446,2,260.64,7,4,2,downvote,1973
Abdul,Edley,AbdEdley7@atink.com,AbdEdley,Abdul_Edley1726621,1,217.45,1,4,2,upvote,1974
Hayden,Patel,HayPatel4@typill.biz,HayPatel,Hayden_Patel167452,2,296.5,2,8,5,downvote,851
Melanie,Fall,MelFall6@hourpy.biz,MelFall,Melanie_Fall181720,1,225.42,3,3,4,upvote,1971
Daniel,Becker,DanBecker3@extex.org,DanBecker,Daniel_Becker50659,1,231.38,7,6,2,downvote,1970
Percy,Mason,PerMason3@supunk.biz,PerMason,Percy_Mason6925451,1,284.54,1,3,4,upvote,1973
Noah,Knight,NoaKnight4@eirey.tech,NoaKnight,Noah_Knight1767240,1,288.69,2,4,5,downvote,1974
Tyler,Kaur,TylKaur3@nickia.com,TylKaur,Tyler_Kaur11282480,2,279.05,3,4,3,upvote,851
Deborah,Lowe,DebLowe6@nickia.com,DebLowe,Deborah_Lowe633037,2,227.94,7,1,1,downvote,1971
Rebecca,Harper,RebHarper2@guentu.biz,RebHarper,Rebecca_Harper1188,1,287.71,1,4,2,upvote,1970
Dani,Edmonds,DanEdmonds3@iatim.tech,DanEdmonds,Dani_Edmonds894505,1,299.9,2,5,5,downvote,1973
Abdul,Davies,AbdDavies3@corti.com,AbdDavies,Abdul_Davies380051,2,266.49,3,8,2,upvote,1974
Caleb,Stewart,CalStewart7@cispeto.com,CalStewart,Caleb_Stewart16526,2,292.64,7,3,2,downvote,851
Carmen,Larkin,CarLarkin1@typill.biz,CarLarkin,Carmen_Larkin25395,2,278.05,1,8,5,upvote,1971
Liliana,Gallacher,LilGallacher5@brety.org,LilGallacher,Liliana_Gallacher9,1,257.25,2,2,2,downvote,1970
Tony,Mitchell,TonMitchell9@joiniaa.com,TonMitchell,Tony_Mitchell14268,1,233.99,3,2,4,upvote,1973
Chuck,Farrow,ChuFarrow4@sheye.org,ChuFarrow,Chuck_Farrow137155,1,206.31,7,1,3,downvote,1974
Russel,Leslie,RusLeslie6@fuliss.net,RusLeslie,Russel_Leslie10795,2,202.82,1,7,3,upvote,851
Camden,Olivier,CamOlivier3@hourpy.biz,CamOlivier,Camden_Olivier5537,2,219.37,2,6,5,downvote,1971
Mike,Matthews,MikMatthews4@ovock.tech,MikMatthews,Mike_Matthews75816,2,249.19,3,4,2,upvote,1970
Elijah,Fowler,EliFowler5@extex.org,EliFowler,Elijah_Fowler63578,2,273.99,7,8,1,downvote,1973
Samara,Vinton,SamVinton7@bauros.biz,SamVinton,Samara_Vinton90857,1,256.99,1,1,5,upvote,1974
Marie,Vangness,MarVangness8@vetan.org,MarVangness,Marie_Vangness1305,2,254.93,2,7,1,downvote,851
Hank,Wallace,HanWallace9@fuliss.net,HanWallace,Hank_Wallace174639,1,290.21,3,1,2,upvote,1971
Clint,Pearce,CliPearce10@infotech44.tech,CliPearce,Clint_Pearce460224,1,239.93,7,7,3,downvote,1970
Caleb,Bristow,CalBristow2@twace.org,CalBristow,Caleb_Bristow51748,2,278.21,1,1,1,upvote,1973
Tom,Mcleod,TomMcleod1@gembat.biz,TomMcleod,Tom_Mcleod71458684,1,266.06,2,8,4,downvote,1974
Priscilla,Andersson,PriAndersson6@dionrab.com,PriAndersson,Priscilla_Andersso,1,234.66,3,6,3,upvote,851
Sylvia,Walsh,SylWalsh9@bretoux.com,SylWalsh,Sylvia_Walsh101523,2,220.09,7,8,4,downvote,1971
Daron,Shields,DarShields8@extex.org,DarShields,Daron_Shields19485,2,238.41,1,4,4,upvote,1970
Wade,Todd,WadTodd10@qater.org,WadTodd,Wade_Todd511842225,1,275.57,2,8,1,downvote,1973
Josh,Hammond,JosHammond8@hourpy.biz,JosHammond,Josh_Hammond716862,1,231.85,3,7,5,upvote,1974
Elijah,Russel,EliRussel4@elnee.tech,EliRussel,Elijah_Russel96833,2,205.78,7,4,2,downvote,851
Benjamin,Burge,BenBurge1@kideod.biz,BenBurge,Benjamin_Burge6826,2,260.69,1,6,5,upvote,1971
Emma,Talbot,EmmTalbot3@atink.com,EmmTalbot,Emma_Talbot8315067,1,212.52,2,8,5,downvote,1970
Rowan,Yates,RowYates4@yahoo.com,RowYates,Rowan_Yates1093632,1,299.06,3,1,4,upvote,1973
Oliver,Coleman,OliColeman7@deavo.com,OliColeman,Oliver_Coleman6088,2,263.21,7,7,4,downvote,1974
George,Bristow,GeoBristow10@joiniaa.com,GeoBristow,George_Bristow2474,2,219.69,1,7,5,upvote,851
Cherish,Emerson,CheEmerson2@muall.tech,CheEmerson,Cherish_Emerson932,2,229.17,2,7,1,downvote,1971
Gwen,Townend,GweTownend3@liret.org,GweTownend,Gwen_Townend273536,2,291.03,3,6,5,upvote,1970
Jack,Sheldon,JacSheldon3@muall.tech,JacSheldon,Jack_Sheldon953202,2,287.33,7,2,5,downvote,1973
Jayden,Selby,JaySelby4@acrit.org,JaySelby,Jayden_Selby156155,1,241.86,1,1,4,upvote,1974
John,Murray,JohMurray9@supunk.biz,JohMurray,John_Murray8006232,1,210.09,2,7,3,downvote,851
Jack,Kennedy,JacKennedy2@guentu.biz,JacKennedy,Jack_Kennedy578525,1,293.46,3,5,2,upvote,1971
Hayden,Hall,HayHall5@yahoo.com,HayHall,Hayden_Hall9702638,1,253.67,7,2,4,downvote,1970
Karla,Benfield,KarBenfield5@naiker.biz,KarBenfield,Karla_Benfield6470,1,205.57,1,5,5,upvote,1973
Chris,Cunningham,ChrCunningham8@elnee.tech,ChrCunningham,Chris_Cunningham11,1,236.12,2,7,2,downvote,1974
Georgia,Tyler,GeoTyler2@qater.org,GeoTyler,Georgia_Tyler59247,1,225.85,3,2,1,upvote,851
Barry,Judd,BarJudd9@atink.com,BarJudd,Barry_Judd57699133,2,298.87,7,3,5,downvote,1971
Luke,Noach,LukNoach1@twipet.com,LukNoach,Luke_Noach15836128,1,209.19,1,4,3,upvote,1970
Barry,Fulton,BarFulton4@naiker.biz,BarFulton,Barry_Fulton213681,2,208.06,2,4,3,downvote,1973
Sofie,Patel,SofPatel6@liret.org,SofPatel,Sofie_Patel1181363,1,214.53,3,2,4,upvote,1974
Sadie,Power,SadPower5@yahoo.com,SadPower,Sadie_Power1672526,2,294.08,7,1,1,downvote,851
Logan,Harrington,LogHarrington2@twace.org,LogHarrington,Logan_Harrington40,2,232.22,1,5,3,upvote,1971
Carrie,Allwood,CarAllwood6@joiniaa.com,CarAllwood,Carrie_Allwood2273,2,260.46,2,8,1,downvote,1970
Denis,Mitchell,DenMitchell9@muall.tech,DenMitchell,Denis_Mitchell7070,2,285.59,3,6,4,upvote,1973
Enoch,Hood,EnoHood8@gembat.biz,EnoHood,Enoch_Hood64953025,1,220.54,7,5,5,downvote,1974
Bart,Potter,BarPotter3@gompie.com,BarPotter,Bart_Potter1226652,2,217.24,1,5,1,upvote,851
Francesca,Calderwood,FraCalderwood8@guentu.biz,FraCalderwood,Francesca_Calderwo,2,274.75,2,6,1,downvote,1971
Wade,Watson,WadWatson7@supunk.biz,WadWatson,Wade_Watson1312711,1,215.77,3,8,4,upvote,1970
Nick,Mann,NicMann4@bretoux.com,NicMann,Nick_Mann482194999,2,242.74,7,8,5,downvote,1973
Abdul,Baxter,AbdBaxter2@cispeto.com,AbdBaxter,Abdul_Baxter203325,2,201.34,1,3,4,upvote,1974
Rosie,Armstrong,RosArmstrong7@sheye.org,RosArmstrong,Rosie_Armstrong209,2,231.44,2,6,5,downvote,851
Carter,Vincent,CarVincent6@twace.org,CarVincent,Carter_Vincent1537,1,257.65,3,1,2,upvote,1971
Blake,Morgan,BlaMorgan10@yahoo.com,BlaMorgan,Blake_Morgan778523,1,287.06,7,7,5,downvote,1970
Adelaide,Mason,AdeMason10@ovock.tech,AdeMason,Adelaide_Mason1461,2,256.03,1,1,1,upvote,1973
Anabel,Thomson,AnaThomson8@typill.biz,AnaThomson,Anabel_Thomson2090,2,221.5,2,8,4,downvote,1974
Alexander,Poole,AlePoole5@irrepsy.com,AlePoole,Alexander_Poole192,1,255.16,3,3,1,upvote,851
Eduardo,Jarvis,EduJarvis3@liret.org,EduJarvis,Eduardo_Jarvis1074,1,239.09,7,6,1,downvote,1971
Josephine,Notman,JosNotman1@ovock.tech,JosNotman,Josephine_Notman16,1,248,1,3,4,upvote,1970
Rocco,Willis,RocWillis7@nickia.com,RocWillis,Rocco_Willis155114,2,217.03,2,2,3,downvote,1973
Tess,Vaughn,TesVaughn4@gompie.com,TesVaughn,Tess_Vaughn8931765,1,242.61,3,1,2,upvote,1974
Valerie,Woodcock,ValWoodcock10@extex.org,ValWoodcock,Valerie_Woodcock12,1,219.02,7,8,4,downvote,851
Johnny,Moreno,JohMoreno8@grannar.com,JohMoreno,Johnny_Moreno77240,2,245.88,1,1,5,upvote,1971
Michael,Trent,MicTrent9@deavo.com,MicTrent,Michael_Trent52943,1,279.77,2,3,2,downvote,1970
Kamila,Grant,KamGrant3@tonsy.org,KamGrant,Kamila_Grant154596,2,286.06,3,8,2,upvote,1973
Angela,Smith,AngSmith2@dionrab.com,AngSmith,Angela_Smith110338,1,282.29,7,5,1,downvote,1974
Ivy,Reese,IvyReese2@guentu.biz,IvyReese,Ivy_Reese156467887,2,227.37,1,2,1,upvote,851
Mike,Roth,MikRoth5@naiker.biz,MikRoth,Mike_Roth451569810,2,213.11,2,8,2,downvote,1971
Payton,Weldon,PayWeldon7@guentu.biz,PayWeldon,Payton_Weldon19461,2,269.48,3,2,4,upvote,1970
Raquel,Cavanagh,RaqCavanagh7@gmail.com,RaqCavanagh,Raquel_Cavanagh158,1,232.75,7,6,3,downvote,1973
Aleksandra,Aldridge,AleAldridge10@infotech44.tech,AleAldridge,Aleksandra_Aldridg,2,204.47,1,4,2,upvote,1974
Nick,Lee,NicLee6@elnee.tech,NicLee,Nick_Lee307056470,2,242.13,2,4,3,downvote,851
Livia,Allcott,LivAllcott10@vetan.org,LivAllcott,Livia_Allcott52618,1,254.72,3,2,5,upvote,1971
Bob,Jones,BobJones4@dionrab.com,BobJones,Bob_Jones967782027,1,298.44,7,8,5,downvote,1970
Harry,Stevens,HarStevens5@tonsy.org,HarStevens,Harry_Stevens11358,1,211.37,1,2,4,upvote,1973
Emmanuelle,Rodgers,EmmRodgers2@muall.tech,EmmRodgers,Emmanuelle_Rodgers,2,201.96,2,3,5,downvote,1974
Hank,Pratt,HanPratt9@brety.org,HanPratt,Hank_Pratt14700221,1,236.84,3,7,2,upvote,851
Brad,Mccall,BraMccall3@zorer.org,BraMccall,Brad_Mccall1779526,2,249.59,7,6,3,downvote,1971
Angelique,Shea,AngShea5@nimogy.biz,AngShea,Angelique_Shea1291,2,251.59,1,7,1,upvote,1970
Rosemary,Darcy,RosDarcy9@yahoo.com,RosDarcy,Rosemary_Darcy2084,1,208.29,2,5,2,downvote,1973
Andrea,Fenton,AndFenton4@vetan.org,AndFenton,Andrea_Fenton11726,2,251.89,3,4,4,upvote,1974
Rowan,Lucas,RowLucas8@nanoff.biz,RowLucas,Rowan_Lucas1058050,1,264.6,7,7,4,downvote,851
Mandy,Robinson,ManRobinson2@ubusive.com,ManRobinson,Mandy_Robinson1368,1,212.31,1,5,5,upvote,1971
Carl,Dyson,CarDyson10@qater.org,CarDyson,Carl_Dyson20075574,2,202.65,2,6,5,downvote,1970
Stacy,Yarlett,StaYarlett1@fuliss.net,StaYarlett,Stacy_Yarlett27395,1,286.08,3,2,5,upvote,1973
Felicity,Stuart,FelStuart1@mafthy.com,FelStuart,Felicity_Stuart114,1,298.53,7,5,2,downvote,1974
Luke,Riley,LukRiley5@acrit.org,LukRiley,Luke_Riley70450278,1,296.24,1,6,5,upvote,851
Ryan,Trent,RyaTrent10@muall.tech,RyaTrent,Ryan_Trent93902001,2,260.95,2,3,3,downvote,1971
Tom,Bradley,TomBradley5@joiniaa.com,TomBradley,Tom_Bradley1418694,2,226.68,3,4,2,upvote,1970
Roger,Dobson,RogDobson1@mafthy.com,RogDobson,Roger_Dobson138678,1,265.03,7,5,1,downvote,1973
Cecilia,Edmonds,CecEdmonds2@twipet.com,CecEdmonds,Cecilia_Edmonds134,1,298.02,1,7,3,upvote,1974
Ellen,Garner,EllGarner1@nimogy.biz,EllGarner,Ellen_Garner181468,2,224.4,2,7,3,downvote,851
Margaret,Dunbar,MarDunbar4@iatim.tech,MarDunbar,Margaret_Dunbar272,1,201.35,3,7,3,upvote,1971
Bart,Richardson,BarRichardson7@eirey.tech,BarRichardson,Bart_Richardson132,2,246.85,7,3,3,downvote,1970
Sara,Rossi,SarRossi6@typill.biz,SarRossi,Sara_Rossi78528344,1,243.11,1,4,1,upvote,1973
Allison,Benfield,AllBenfield5@supunk.biz,AllBenfield,Allison_Benfield62,1,208.75,2,3,1,downvote,1974
Hope,Bradshaw,HopBradshaw3@infotech44.tech,HopBradshaw,Hope_Bradshaw21166,2,275.09,3,6,4,upvote,851
Ron,Rogan,RonRogan10@joiniaa.com,RonRogan,Ron_Rogan198073512,1,280.87,7,5,5,downvote,1971
Kieth,Riley,KieRiley5@nickia.com,KieRiley,Kieth_Riley1444498,1,279.75,1,6,1,upvote,1970
Harvey,Owen,HarOwen2@fuliss.net,HarOwen,Harvey_Owen3998631,2,236.92,2,8,1,downvote,1973
Rosie,Matthews,RosMatthews2@supunk.biz,RosMatthews,Rosie_Matthews1490,1,264.56,3,3,5,upvote,1974
Manuel,Flett,ManFlett4@joiniaa.com,ManFlett,Manuel_Flett186628,2,226.58,7,6,3,downvote,851
Rosalyn,Vinton,RosVinton5@dionrab.com,RosVinton,Rosalyn_Vinton1562,1,282,1,4,3,upvote,1971
Jack,Clark,JacClark8@ovock.tech,JacClark,Jack_Clark27718504,2,296.42,2,1,3,downvote,1970
Lorraine,Rogan,LorRogan4@ovock.tech,LorRogan,Lorraine_Rogan7429,2,231.95,3,2,2,upvote,1973
Jack,Tyler,JacTyler8@corti.com,JacTyler,Jack_Tyler18690041,2,219.83,7,2,5,downvote,1974
Bart,Campbell,BarCampbell3@fuliss.net,BarCampbell,Bart_Campbell18682,1,246.41,1,7,3,upvote,851
Adeline,Mcgee,AdeMcgee5@vetan.org,AdeMcgee,Adeline_Mcgee15984,1,249.91,2,8,5,downvote,1971
Adelaide,Wright,AdeWright9@bulaffy.com,AdeWright,Adelaide_Wright281,2,288.69,3,2,3,upvote,1970
Rosalee,Dunbar,RosDunbar6@gompie.com,RosDunbar,Rosalee_Dunbar1473,1,297.39,7,6,5,downvote,1973
Isabella,Hobbs,IsaHobbs5@grannar.com,IsaHobbs,Isabella_Hobbs3123,2,263.55,1,4,4,upvote,1974
Keira,Farrant,KeiFarrant3@corti.com,KeiFarrant,Keira_Farrant12608,2,242.44,2,3,5,downvote,851
Lindsay,Wilde,LinWilde2@grannar.com,LinWilde,Lindsay_Wilde20708,1,242.28,3,4,1,upvote,1971
Rocco,Gibson,RocGibson4@elnee.tech,RocGibson,Rocco_Gibson972467,1,280.33,7,3,2,downvote,1970
David,Grant,DavGrant10@muall.tech,DavGrant,David_Grant1899451,1,213.46,1,6,3,upvote,1973
Ruth,Riley,RutRiley7@naiker.biz,RutRiley,Ruth_Riley25990611,2,218.32,2,5,5,downvote,1974
Peter,Harrison,PetHarrison7@twipet.com,PetHarrison,Peter_Harrison1494,1,274.78,3,2,5,upvote,851
Boris,Bullock,BorBullock8@deons.tech,BorBullock,Boris_Bullock68068,2,255.67,7,7,4,downvote,1971
Chloe,Upsdell,ChlUpsdell7@ubusive.com,ChlUpsdell,Chloe_Upsdell97911,1,203.49,1,8,2,upvote,1970
Sarah,Bailey,SarBailey2@twace.org,SarBailey,Sarah_Bailey102808,1,213.62,2,8,4,downvote,1973
Nate,Bayliss,NatBayliss4@joiniaa.com,NatBayliss,Nate_Bayliss875022,2,274.13,3,1,2,upvote,1974
Benny,Owen,BenOwen8@twipet.com,BenOwen,Benny_Owen10243341,1,252.01,7,6,1,downvote,851
Rufus,Lynch,RufLynch7@gembat.biz,RufLynch,Rufus_Lynch1657393,2,216.97,1,2,1,upvote,1971
Anabelle,Newton,AnaNewton10@nickia.com,AnaNewton,Anabelle_Newton141,1,291.36,2,8,5,downvote,1970
Stacy,Mullins,StaMullins7@sveldo.biz,StaMullins,Stacy_Mullins15697,2,241.28,3,5,4,upvote,1973
Sabina,Kent,SabKent7@bungar.biz,SabKent,Sabina_Kent7642654,2,237.61,7,8,5,downvote,1974
Barry,Gibson,BarGibson7@bungar.biz,BarGibson,Barry_Gibson130958,1,260.13,1,3,5,upvote,851
Jennifer,Watson,JenWatson1@womeona.net,JenWatson,Jennifer_Watson650,1,286.74,2,5,3,downvote,1971
Ivette,Ryan,IveRyan2@tonsy.org,IveRyan,Ivette_Ryan1815951,2,246.64,3,2,2,upvote,1970
Sydney,Henderson,SydHenderson6@gembat.biz,SydHenderson,Sydney_Henderson20,1,237.21,7,5,5,downvote,1973
Clint,Rycroft,CliRycroft3@twace.org,CliRycroft,Clint_Rycroft15002,2,265.31,1,3,3,upvote,1974
Elijah,Gregory,EliGregory10@bretoux.com,EliGregory,Elijah_Gregory7015,2,268.41,2,4,3,downvote,851
Barney,Hopkins,BarHopkins2@nimogy.biz,BarHopkins,Barney_Hopkins3449,1,232.61,3,3,4,upvote,1971
Kamila,Clayton,KamClayton5@ovock.tech,KamClayton,Kamila_Clayton3224,2,287.03,7,6,2,downvote,1970
Enoch,Robertson,EnoRobertson6@bulaffy.com,EnoRobertson,Enoch_Robertson566,1,203.55,1,6,1,upvote,1973
Allison,Amstead,AllAmstead2@gompie.com,AllAmstead,Allison_Amstead727,1,225.42,2,1,4,downvote,1974
Henry,Kent,HenKent3@deons.tech,HenKent,Henry_Kent14515519,2,218.77,3,5,2,upvote,851
Elise,Roman,EliRoman6@jiman.org,EliRoman,Elise_Roman7342831,1,218.72,7,3,1,downvote,1971
Mike,Gordon,MikGordon3@guentu.biz,MikGordon,Mike_Gordon1281032,2,247.89,1,2,1,upvote,1970
Alexa,Huggins,AleHuggins6@jiman.org,AleHuggins,Alexa_Huggins40105,2,291.68,2,2,1,downvote,1973
Carter,King,CarKing10@iatim.tech,CarKing,Carter_King1670685,1,205.15,3,3,5,upvote,1974
Martin,Gordon,MarGordon6@iatim.tech,MarGordon,Martin_Gordon66405,2,258.44,7,1,2,downvote,851
Eden,Moss,EdeMoss7@brety.org,EdeMoss,Eden_Moss756543089,2,262.89,1,4,3,upvote,1971
Matt,Richardson,MatRichardson7@elnee.tech,MatRichardson,Matt_Richardson112,1,283.38,2,6,3,downvote,1970
Logan,Giles,LogGiles2@elnee.tech,LogGiles,Logan_Giles1461810,1,220.88,3,4,5,upvote,1973
Mabel,Trent,MabTrent9@qater.org,MabTrent,Mabel_Trent2232444,2,286.01,7,6,1,downvote,1974
Chris,Rixon,ChrRixon3@hourpy.biz,ChrRixon,Chris_Rixon9741956,2,265.38,1,6,1,upvote,851
Liam,Saunders,LiaSaunders1@sheye.org,LiaSaunders,Liam_Saunders70139,1,243.56,2,8,4,downvote,1971
Angel,Henderson,AngHenderson10@atink.com,AngHenderson,Angel_Henderson667,2,272.81,3,2,4,upvote,1970
Bart,Jarvis,BarJarvis4@famism.biz,BarJarvis,Bart_Jarvis6956354,2,273.15,7,6,3,downvote,1973
Francesca,Sherry,FraSherry1@fuliss.net,FraSherry,Francesca_Sherry20,2,251.24,1,3,4,upvote,1974
Chadwick,Walsh,ChaWalsh5@tonsy.org,ChaWalsh,Chadwick_Walsh5428,2,230.56,2,6,4,downvote,851
Cynthia,Calderwood,CynCalderwood5@dionrab.com,CynCalderwood,Cynthia_Calderwood,2,256.87,3,6,2,upvote,1971
Ryan,Vass,RyaVass6@bauros.biz,RyaVass,Ryan_Vass698870719,1,232.53,7,8,4,downvote,1970
Ellen,Stone,EllStone9@eirey.tech,EllStone,Ellen_Stone4438848,1,288.22,1,7,4,upvote,1973
Zoe,Morrow,ZoeMorrow2@bretoux.com,ZoeMorrow,Zoe_Morrow16356289,1,240.42,2,8,1,downvote,1974
Jacob,Forth,JacForth3@famism.biz,JacForth,Jacob_Forth4215434,1,239.13,3,5,2,upvote,851
Danny,Pratt,DanPratt4@nickia.com,DanPratt,Danny_Pratt1280832,1,277.88,7,1,4,downvote,1971
Gina,Locke,GinLocke3@muall.tech,GinLocke,Gina_Locke19840844,2,204.2,1,6,5,upvote,1970
Adalind,Gonzales,AdaGonzales1@sveldo.biz,AdaGonzales,Adalind_Gonzales65,1,294.08,2,6,1,downvote,1973
Bryce,Jones,BryJones2@gembat.biz,BryJones,Bryce_Jones2552673,1,208.59,3,6,3,upvote,1974
Rae,Turner,RaeTurner8@bretoux.com,RaeTurner,Rae_Turner12497765,1,249.63,7,2,2,downvote,851
Carter,Exton,CarExton6@grannar.com,CarExton,Carter_Exton479537,1,223.13,1,8,3,upvote,1971
Isabel,Ellison,IsaEllison3@eirey.tech,IsaEllison,Isabel_Ellison2666,2,231.76,2,3,4,downvote,1970
Anabelle,Wilkinson,AnaWilkinson9@eirey.tech,AnaWilkinson,Anabelle_Wilkinson,2,297.69,3,5,1,upvote,1973
Jack,Farrow,JacFarrow10@extex.org,JacFarrow,Jack_Farrow2049774,2,215.95,7,4,4,downvote,1974
Abdul,Davies,AbdDavies5@twace.org,AbdDavies,Abdul_Davies176293,1,225.67,1,1,5,upvote,851
Chad,Varley,ChaVarley3@bretoux.com,ChaVarley,Chad_Varley1119886,1,260.52,2,6,5,downvote,1971
Oliver,Russel,OliRussel6@fuliss.net,OliRussel,Oliver_Russel52661,1,282.7,3,1,3,upvote,1970
Zoe,Varndell,ZoeVarndell6@bungar.biz,ZoeVarndell,Zoe_Varndell197139,1,267.34,7,8,2,downvote,1973
John,Cartwright,JohCartwright1@naiker.biz,JohCartwright,John_Cartwright202,2,202.62,1,6,3,upvote,1974
Greta,Hardwick,GreHardwick9@nanoff.biz,GreHardwick,Greta_Hardwick2670,2,201.23,2,2,4,downvote,851
Kenzie,Morgan,KenMorgan2@tonsy.org,KenMorgan,Kenzie_Morgan91917,1,273.93,3,7,4,upvote,1971
Luke,Flack,LukFlack6@bretoux.com,LukFlack,Luke_Flack18414913,2,278.42,7,1,4,downvote,1970
Ramon,Lakey,RamLakey4@gompie.com,RamLakey,Ramon_Lakey7881142,2,222.17,1,3,2,upvote,1973
Bethany,Addley,BetAddley4@eirey.tech,BetAddley,Bethany_Addley4828,1,261.8,2,5,4,downvote,1974
Noah,Tyler,NoaTyler2@nanoff.biz,NoaTyler,Noah_Tyler18530717,2,205.92,3,1,4,upvote,851
Mayleen,Davies,MayDavies7@joiniaa.com,MayDavies,Mayleen_Davies1554,1,290.41,7,2,3,downvote,1971
Chuck,Griffiths,ChuGriffiths8@sheye.org,ChuGriffiths,Chuck_Griffiths115,1,272.92,1,6,4,upvote,1970
Mary,Barrett,MarBarrett9@typill.biz,MarBarrett,Mary_Barrett128089,2,270.72,2,5,4,downvote,1973
Alex,Irving,AleIrving7@hourpy.biz,AleIrving,Alex_Irving9269944,2,288.68,3,3,3,upvote,1974
Jayden,Alldridge,JayAlldridge9@bauros.biz,JayAlldridge,Jayden_Alldridge10,2,261.8,7,8,4,downvote,851
Aleksandra,Dann,AleDann2@cispeto.com,AleDann,Aleksandra_Dann204,1,203.37,1,5,3,upvote,1971
Rita,Seymour,RitSeymour2@brety.org,RitSeymour,Rita_Seymour724775,2,230.17,2,6,5,downvote,1970
Clarissa,Cobb,ClaCobb4@corti.com,ClaCobb,Clarissa_Cobb61655,2,278.25,3,7,2,upvote,1973
Boris,Tyler,BorTyler1@gompie.com,BorTyler,Boris_Tyler1999883,2,241.95,7,5,4,downvote,1974
Ryan,Larsen,RyaLarsen5@kideod.biz,RyaLarsen,Ryan_Larsen1537520,1,299.19,1,6,1,upvote,851
Rick,Widdows,RicWiddows10@deons.tech,RicWiddows,Rick_Widdows966285,2,287.31,2,5,4,downvote,1971
Lillian,Reese,LilReese5@jiman.org,LilReese,Lillian_Reese14259,1,264.96,3,4,2,upvote,1970
Rosa,Vernon,RosVernon6@guentu.biz,RosVernon,Rosa_Vernon1019812,2,209.36,7,3,1,downvote,1973
Manuel,Ross,ManRoss1@ubusive.com,ManRoss,Manuel_Ross4835892,1,271.05,1,3,4,upvote,1974
Barney,Rycroft,BarRycroft5@hourpy.biz,BarRycroft,Barney_Rycroft1778,1,205.9,2,6,1,downvote,851
Meredith,Grady,MerGrady8@gmail.com,MerGrady,Meredith_Grady1573,2,203.4,3,8,2,upvote,1971
Tyson,Gordon,TysGordon10@twace.org,TysGordon,Tyson_Gordon197901,2,248.46,7,8,3,downvote,1970
Caleb,Sherry,CalSherry9@dionrab.com,CalSherry,Caleb_Sherry180483,1,298.6,1,7,3,upvote,1973
Chester,Bell,CheBell3@yahoo.com,CheBell,Chester_Bell128216,2,205.53,2,6,1,downvote,1974
Kieth,Allington,KieAllington7@deavo.com,KieAllington,Kieth_Allington142,1,273.05,3,2,1,upvote,851
Ron,Gibbons,RonGibbons7@gompie.com,RonGibbons,Ron_Gibbons4947037,2,209.04,7,5,3,downvote,1971
Barry,Ianson,BarIanson7@famism.biz,BarIanson,Barry_Ianson253955,2,207.38,1,3,2,upvote,1970
Johnathan,Mitchell,JohMitchell4@twace.org,JohMitchell,Johnathan_Mitchell,2,282.71,2,7,4,downvote,1973
Rosalee,Harris,RosHarris1@sheye.org,RosHarris,Rosalee_Harris1324,2,255.4,3,2,1,upvote,1974
Josh,Warden,JosWarden10@tonsy.org,JosWarden,Josh_Warden2939584,1,259.99,7,6,1,downvote,851
Alice,Lunt,AliLunt8@typill.biz,AliLunt,Alice_Lunt52305159,2,287.84,1,2,5,upvote,1971
Adelaide,Rodwell,AdeRodwell5@deons.tech,AdeRodwell,Adelaide_Rodwell67,1,296.4,2,8,3,downvote,1970
Josh,Harvey,JosHarvey4@elnee.tech,JosHarvey,Josh_Harvey1214516,2,270.7,3,1,4,upvote,1973
Eduardo,Allington,EduAllington8@eirey.tech,EduAllington,Eduardo_Allington1,2,204.31,7,6,5,downvote,1974
Sofia,Hepburn,SofHepburn6@irrepsy.com,SofHepburn,Sofia_Hepburn61582,2,281.58,1,5,5,upvote,851
Shannon,Marshall,ShaMarshall3@vetan.org,ShaMarshall,Shannon_Marshall70,1,260.98,2,7,2,downvote,1971
Sage,Vaughn,SagVaughn2@deavo.com,SagVaughn,Sage_Vaughn2023778,1,245.49,3,4,2,upvote,1970
Hayden,Nayler,HayNayler5@dionrab.com,HayNayler,Hayden_Nayler14062,2,273.42,7,7,5,downvote,1973
Henry,Aldridge,HenAldridge8@nickia.com,HenAldridge,Henry_Aldridge9046,2,278.23,1,5,2,upvote,1974
Rick,Whatson,RicWhatson3@acrit.org,RicWhatson,Rick_Whatson613327,2,213.54,2,4,2,downvote,851
Erick,Reyes,EriReyes6@nickia.com,EriReyes,Erick_Reyes1915374,1,293.57,3,1,5,upvote,1971
Fred,Rees,FreRees10@kideod.biz,FreRees,Fred_Rees169553607,2,216.83,7,6,5,downvote,1970
Joseph,Faulkner,JosFaulkner1@grannar.com,JosFaulkner,Joseph_Faulkner410,1,217,1,3,4,upvote,1973
Bart,Lynch,BarLynch7@gompie.com,BarLynch,Bart_Lynch20971831,2,220.2,2,3,3,downvote,1974
Clint,Miller,CliMiller9@dionrab.com,CliMiller,Clint_Miller153731,2,211.01,3,3,5,upvote,851
Benny,Thatcher,BenThatcher9@twipet.com,BenThatcher,Benny_Thatcher1837,2,273.38,7,2,2,downvote,1971
Doug,John,DouJohn2@extex.org,DouJohn,Doug_John166439277,1,292.97,1,4,4,upvote,1970
Denny,Pond,DenPond9@nanoff.biz,DenPond,Denny_Pond82197765,2,245.11,2,1,5,downvote,1973
Andrea,Foxley,AndFoxley9@elnee.tech,AndFoxley,Andrea_Foxley43125,2,250.04,3,2,5,upvote,1974
Luke,Roman,LukRoman8@muall.tech,LukRoman,Luke_Roman36825832,1,226.95,7,2,2,downvote,851
Judith,Poulton,JudPoulton1@muall.tech,JudPoulton,Judith_Poulton1230,1,207.6,1,4,2,upvote,1971
Piper,Fields,PipFields8@bulaffy.com,PipFields,Piper_Fields179742,1,262.38,2,4,1,downvote,1970
Michelle,Fox,MicFox3@nimogy.biz,MicFox,Michelle_Fox201151,1,298.45,3,8,4,upvote,1973
Josh,Bishop,JosBishop5@nickia.com,JosBishop,Josh_Bishop9465312,2,210.64,7,3,4,downvote,1974
Martha,Bayliss,MarBayliss6@brety.org,MarBayliss,Martha_Bayliss2037,2,285.96,1,1,1,upvote,851
Jennifer,Fisher,JenFisher3@elnee.tech,JenFisher,Jennifer_Fisher132,1,275.38,2,4,3,downvote,1971
Leroy,Rycroft,LerRycroft8@deons.tech,LerRycroft,Leroy_Rycroft20560,2,223.18,3,4,3,upvote,1970
Nicole,York,NicYork9@cispeto.com,NicYork,Nicole_York1377266,2,208.9,7,5,1,downvote,1973
Parker,Hunter,ParHunter3@bretoux.com,ParHunter,Parker_Hunter44736,1,238.51,1,4,4,upvote,1974
Gladys,Ulyatt,GlaUlyatt3@iatim.tech,GlaUlyatt,Gladys_Ulyatt16527,1,278.14,2,5,3,downvote,851
Cassidy,Hancock,CasHancock1@ubusive.com,CasHancock,Cassidy_Hancock136,1,293.63,3,6,3,upvote,1971
Aurelia,Chadwick,AurChadwick1@twipet.com,AurChadwick,Aurelia_Chadwick12,1,229.8,7,8,1,downvote,1970
Eduardo,Drake,EduDrake8@sveldo.biz,EduDrake,Eduardo_Drake15628,1,200.29,1,5,5,upvote,1973
Roger,Weatcroft,RogWeatcroft7@grannar.com,RogWeatcroft,Roger_Weatcroft179,1,277.06,2,8,5,downvote,1974
Fred,Ebbs,FreEbbs9@sheye.org,FreEbbs,Fred_Ebbs115539339,1,296.41,3,8,5,upvote,851
Leah,Cartwright,LeaCartwright5@kideod.biz,LeaCartwright,Leah_Cartwright304,1,203.72,7,4,2,downvote,1971
Percy,Kirby,PerKirby7@supunk.biz,PerKirby,Percy_Kirby3114414,2,263.13,1,3,5,upvote,1970
Abdul,Hilton,AbdHilton5@liret.org,AbdHilton,Abdul_Hilton205117,1,230.04,2,6,5,downvote,1973
Boris,Fox,BorFox8@jiman.org,BorFox,Boris_Fox457640150,2,274.47,3,4,2,upvote,1974
Kirsten,Tobin,KirTobin6@acrit.org,KirTobin,Kirsten_Tobin31218,1,263.66,7,3,2,downvote,851
Jacob,Vane,JacVane10@womeona.net,JacVane,Jacob_Vane11190166,2,263.15,1,4,4,upvote,1971
Hanna,Vincent,HanVincent10@dionrab.com,HanVincent,Hanna_Vincent11802,1,223.24,2,3,3,downvote,1970
Melinda,Stanton,MelStanton4@gompie.com,MelStanton,Melinda_Stanton970,2,213.51,3,3,1,upvote,1973
Nate,Sheldon,NatSheldon10@hourpy.biz,NatSheldon,Nate_Sheldon160581,2,272.6,7,4,5,downvote,1974
Tyson,Kerr,TysKerr5@vetan.org,TysKerr,Tyson_Kerr36019182,2,256.15,1,6,1,upvote,851
Sage,Huggins,SagHuggins9@guentu.biz,SagHuggins,Sage_Huggins980770,1,282.27,2,6,5,downvote,1971
Logan,Oswald,LogOswald1@bauros.biz,LogOswald,Logan_Oswald557550,1,270.78,3,4,2,upvote,1970
Sadie,Russell,SadRussell6@yahoo.com,SadRussell,Sadie_Russell13585,2,214.69,7,8,2,downvote,1973
Tyson,Moreno,TysMoreno9@tonsy.org,TysMoreno,Tyson_Moreno456157,2,293.51,1,8,1,upvote,1974
Percy,Clark,PerClark4@supunk.biz,PerClark,Percy_Clark2102873,2,225.08,2,3,1,downvote,851
Naomi,Hooper,NaoHooper8@infotech44.tech,NaoHooper,Naomi_Hooper132772,2,274.2,3,3,2,upvote,1971
Sadie,Mills,SadMills6@dionrab.com,SadMills,Sadie_Mills7297062,1,281.88,7,5,3,downvote,1970
Marjorie,Jacobs,MarJacobs2@gmail.com,MarJacobs,Marjorie_Jacobs751,2,278.41,1,4,4,upvote,1973
Francesca,Anderson,FraAnderson6@iatim.tech,FraAnderson,Francesca_Anderson,2,265.65,2,4,3,downvote,1974
Kendra,Craig,KenCraig6@gembat.biz,KenCraig,Kendra_Craig120859,2,225.36,3,4,2,upvote,851
Rick,Powell,RicPowell8@corti.com,RicPowell,Rick_Powell1517164,1,244.28,7,3,2,downvote,1971
Priscilla,Huggins,PriHuggins10@bulaffy.com,PriHuggins,Priscilla_Huggins1,2,296.59,1,2,3,upvote,1970
Benjamin,Spencer,BenSpencer10@qater.org,BenSpencer,Benjamin_Spencer18,2,298.43,2,8,1,downvote,1973
Kimberly,Shields,KimShields3@twace.org,KimShields,Kimberly_Shields77,1,251.09,3,3,5,upvote,1974
Francesca,Chapman,FraChapman2@twace.org,FraChapman,Francesca_Chapman1,1,224.62,7,2,4,downvote,851
Chelsea,Bristow,CheBristow10@deons.tech,CheBristow,Chelsea_Bristow140,2,289.4,1,5,2,upvote,1971
Bob,Gaynor,BobGaynor4@kideod.biz,BobGaynor,Bob_Gaynor15724618,1,278.83,2,1,1,downvote,1970
Nate,Ellis,NatEllis3@liret.org,NatEllis,Nate_Ellis11354930,1,204.69,3,8,3,upvote,1973
Natalie,Tailor,NatTailor10@nimogy.biz,NatTailor,Natalie_Tailor1412,2,248.12,7,2,3,downvote,1974
Enoch,Oliver,EnoOliver7@eirey.tech,EnoOliver,Enoch_Oliver342053,2,234.71,1,4,5,upvote,851
Logan,Vinton,LogVinton2@qater.org,LogVinton,Logan_Vinton120011,1,275.92,2,3,1,downvote,1971
Julian,Bell,JulBell10@elnee.tech,JulBell,Julian_Bell1098700,1,294.23,3,8,1,upvote,1970
Noah,Barrett,NoaBarrett6@sveldo.biz,NoaBarrett,Noah_Barrett651059,1,269.84,7,3,1,downvote,1973
Rick,Underhill,RicUnderhill4@famism.biz,RicUnderhill,Rick_Underhill7308,1,204.41,1,6,4,upvote,1974
Clarissa,Weasley,ClaWeasley4@sveldo.biz,ClaWeasley,Clarissa_Weasley17,1,274.79,2,4,2,downvote,851
Manuel,Lindsay,ManLindsay9@sheye.org,ManLindsay,Manuel_Lindsay9398,1,208.42,3,2,4,upvote,1971
Logan,Judd,LogJudd6@famism.biz,LogJudd,Logan_Judd14804425,1,265.06,7,5,2,downvote,1970
Johnny,Oliver,JohOliver3@famism.biz,JohOliver,Johnny_Oliver18426,1,254.29,1,3,3,upvote,1973
Ember,Asher,EmbAsher1@cispeto.com,EmbAsher,Ember_Asher8266689,2,227.97,2,7,2,downvote,1974
Caleb,Martin,CalMartin3@gembat.biz,CalMartin,Caleb_Martin121780,1,248.33,3,6,5,upvote,851
Cherish,Franks,CheFranks10@hourpy.biz,CheFranks,Cherish_Franks7131,1,263.82,7,2,3,downvote,1971
Barry,Hopkinson,BarHopkinson4@zorer.org,BarHopkinson,Barry_Hopkinson626,2,254.98,1,7,3,upvote,1970
Chris,Larsen,ChrLarsen7@cispeto.com,ChrLarsen,Chris_Larsen707494,1,294.75,2,3,2,downvote,1973
Sebastian,Kelly,SebKelly5@fuliss.net,SebKelly,Sebastian_Kelly415,2,246.44,3,6,2,upvote,1974
Bethany,Mitchell,BetMitchell7@hourpy.biz,BetMitchell,Bethany_Mitchell15,2,206.49,7,4,3,downvote,851
Chloe,Olivier,ChlOlivier7@bretoux.com,ChlOlivier,Chloe_Olivier72317,1,281.28,1,2,5,upvote,1971
Mackenzie,Farrow,MacFarrow5@iatim.tech,MacFarrow,Mackenzie_Farrow67,2,288.32,2,3,1,downvote,1970
Abdul,Holt,AbdHolt8@bauros.biz,AbdHolt,Abdul_Holt11983721,2,222.91,3,1,3,upvote,1973
Analise,Webster,AnaWebster3@supunk.biz,AnaWebster,Analise_Webster622,2,295.41,7,1,1,downvote,1974
Janelle,Strong,JanStrong3@naiker.biz,JanStrong,Janelle_Strong1322,2,217.87,1,7,5,upvote,851
Hazel,Khan,HazKhan3@irrepsy.com,HazKhan,Hazel_Khan10371521,1,202.38,2,8,2,downvote,1971
Jessica,Stone ,JesStone 2@atink.com,JesStone ,Jessica_Stone 8962,2,219.33,3,7,1,upvote,1970
Dasha,Saunders,DasSaunders4@extex.org,DasSaunders,Dasha_Saunders8069,2,229.38,7,5,1,downvote,1973
Matthew,Tyler,MatTyler10@naiker.biz,MatTyler,Matthew_Tyler56421,2,228,1,3,3,upvote,1974
Davina,Johnson,DavJohnson8@fuliss.net,DavJohnson,Davina_Johnson1129,1,259.2,2,1,2,downvote,851
Kirsten,Wilson,KirWilson8@acrit.org,KirWilson,Kirsten_Wilson1613,1,270.2,3,8,4,upvote,1971
Darlene,Drummond,DarDrummond5@deavo.com,DarDrummond,Darlene_Drummond84,2,248.98,7,2,4,downvote,1970
Logan,Jacobs,LogJacobs1@famism.biz,LogJacobs,Logan_Jacobs141463,2,225.78,1,2,1,upvote,1973
Tony,Stone,TonStone4@mafthy.com,TonStone,Tony_Stone97048872,1,279.68,2,8,3,downvote,1974
Anne,Carpenter,AnnCarpenter8@ubusive.com,AnnCarpenter,Anne_Carpenter1352,2,255.94,3,6,5,upvote,851
Domenic,Watson,DomWatson9@ubusive.com,DomWatson,Domenic_Watson3991,2,217.51,7,4,3,downvote,1971
