Henry,Dallas,HenDallas4@acrit.org,HenDallas,Henry_Dallas125879,1,208.67,1,7,1,upvote,1970
William,Wilson,WilWilson1@jiman.org,WilWilson,William_Wilson2465,1,224.22,2,6,1,downvote,1973
Anthony,Cassidy,AntCassidy9@jiman.org,AntCassidy,Anthony_Cassidy166,2,201.12,3,6,4,upvote,1974
Hazel,Vincent,HazVincent4@nimogy.biz,HazVincent,Hazel_Vincent72527,1,203.32,7,3,4,downvote,851
Emely,Cunningham,EmeCunningham4@extex.org,EmeCunningham,Emely_Cunningham21,2,280.37,1,3,3,upvote,1971
Isla,Johnson,IslJohnson2@bauros.biz,IslJohnson,Isla_Johnson156050,1,299.65,2,8,2,downvote,1970
Alison,Cassidy,AliCassidy8@deons.tech,AliCassidy,Alison_Cassidy1147,2,246.64,3,6,4,upvote,1973
Gina,Edwards,GinEdwards8@nanoff.biz,GinEdwards,Gina_Edwards112868,1,264.96,7,5,4,downvote,1974
Ryan,Fisher,RyaFisher1@corti.com,RyaFisher,Ryan_Fisher8099419,1,209.06,1,6,2,upvote,851
George,Selby,GeoSelby6@acrit.org,GeoSelby,George_Selby849025,1,268.43,2,7,2,downvote,1971
Lillian,Salt,LilSalt7@nimogy.biz,LilSalt,Lillian_Salt228269,1,217.55,3,2,2,upvote,1970
Johnny,Tanner,JohTanner4@extex.org,JohTanner,Johnny_Tanner13514,2,244.25,7,7,2,downvote,1973
Cedrick,Radley,CedRadley1@bretoux.com,CedRadley,Cedrick_Radley1881,2,291.98,1,8,5,upvote,1974
Ivy,Vallory,IvyVallory5@eirey.tech,IvyVallory,Ivy_Vallory2333715,2,204.32,2,4,3,downvote,851
Isla,Rossi,IslRossi7@yahoo.com,IslRossi,Isla_Rossi14237568,1,234.76,3,5,2,upvote,1971
Julius,Styles,JulStyles5@nimogy.biz,JulStyles,Julius_Styles16267,1,206.57,7,3,2,downvote,1970
Luke,Ebbs,LukEbbs3@eirey.tech,LukEbbs,Luke_Ebbs192851786,2,222.84,1,7,3,upvote,1973
Barney,Beal,BarBeal5@liret.org,BarBeal,Barney_Beal1082961,2,206.98,2,2,4,downvote,1974
Laila,Nicholls,LaiNicholls8@muall.tech,LaiNicholls,Laila_Nicholls2048,1,203.49,3,2,3,upvote,851
Adalind,Watson,AdaWatson5@qater.org,AdaWatson,Adalind_Watson2123,2,281.44,7,1,4,downvote,1971
Nate,Shelton,NatShelton10@famism.biz,NatShelton,Nate_Shelton197547,2,214.44,1,7,4,upvote,1970
Allison,Whittle,AllWhittle5@nanoff.biz,AllWhittle,Allison_Whittle211,2,285.83,2,8,5,downvote,1973
Hank,Aldridge,HanAldridge3@bulaffy.com,HanAldridge,Hank_Aldridge12081,1,222.66,3,4,2,upvote,1974
Russel,Olivier,RusOlivier5@sheye.org,RusOlivier,Russel_Olivier1605,1,291.13,7,6,5,downvote,851
Gwenyth,Wood,GweWood10@twace.org,GweWood,Gwenyth_Wood145479,2,291.42,1,2,4,upvote,1971
Nicholas,Gilbert,NicGilbert9@bungar.biz,NicGilbert,Nicholas_Gilbert16,2,275.24,2,8,5,downvote,1970
Doug,Gaynor,DouGaynor1@corti.com,DouGaynor,Doug_Gaynor8724156,2,274.92,3,5,5,upvote,1973
Violet,Gunn,VioGunn4@bungar.biz,VioGunn,Violet_Gunn9739734,1,243.91,7,1,2,downvote,1974
Anthony,Ripley,AntRipley1@nickia.com,AntRipley,Anthony_Ripley1315,1,275.43,1,6,4,upvote,851
Liv,Aldridge,LivAldridge10@famism.biz,LivAldridge,Liv_Aldridge621677,2,231.32,2,4,4,downvote,1971
Skylar,Gardner,SkyGardner8@naiker.biz,SkyGardner,Skylar_Gardner2034,1,289.92,3,6,2,upvote,1970
Liam,Rivers,LiaRivers3@deavo.com,LiaRivers,Liam_Rivers2124263,2,272.82,7,7,5,downvote,1973
Isabella,Henderson,IsaHenderson2@sveldo.biz,IsaHenderson,Isabella_Henderson,1,276.78,1,6,1,upvote,1974
Trisha,Page ,TriPage 4@acrit.org,TriPage ,Trisha_Page 112408,1,201.97,2,1,4,downvote,851
Dorothy,Spencer,DorSpencer6@vetan.org,DorSpencer,Dorothy_Spencer171,1,256.45,3,7,4,upvote,1971
Kendra,Harris,KenHarris2@bauros.biz,KenHarris,Kendra_Harris80638,2,243.22,7,7,3,downvote,1970
Tyler,Bolton,TylBolton1@infotech44.tech,TylBolton,Tyler_Bolton811698,1,275.84,1,3,1,upvote,1973
Luke,Watson,LukWatson10@mafthy.com,LukWatson,Luke_Watson5873282,1,257.61,2,6,5,downvote,1974
Domenic,Weatcroft,DomWeatcroft3@cispeto.com,DomWeatcroft,Domenic_Weatcroft1,1,218.31,3,2,5,upvote,851
Helen,Lewis,HelLewis4@bungar.biz,HelLewis,Helen_Lewis1786122,1,285.17,7,2,5,downvote,1971
Kirsten,Stewart,KirStewart10@corti.com,KirStewart,Kirsten_Stewart672,2,245.37,1,5,4,upvote,1970
Helen,Martin,HelMartin7@bauros.biz,HelMartin,Helen_Martin108968,1,246.9,2,1,4,downvote,1973
Julian,Quinn,JulQuinn4@qater.org,JulQuinn,Julian_Quinn197519,2,251.83,3,8,3,upvote,1974
Elle,Dwyer,EllDwyer1@deavo.com,EllDwyer,Elle_Dwyer18746960,2,209.97,7,4,4,downvote,851
Carolyn,West,CarWest6@joiniaa.com,CarWest,Carolyn_West686073,1,270.97,1,7,5,upvote,1971
Louise,Lowe,LouLowe8@kideod.biz,LouLowe,Louise_Lowe1257613,2,255.67,2,7,4,downvote,1970
Sydney,Eddison,SydEddison9@gmail.com,SydEddison,Sydney_Eddison1790,2,221.14,3,8,2,upvote,1973
Aileen,Russel,AilRussel1@qater.org,AilRussel,Aileen_Russel19343,2,234.94,7,7,5,downvote,1974
Piper,Yang,PipYang10@guentu.biz,PipYang,Piper_Yang14787394,2,283.14,1,2,3,upvote,851
Rose,Casey,RosCasey7@mafthy.com,RosCasey,Rose_Casey15949333,2,252.98,2,7,4,downvote,1971
Caleb,Booth,CalBooth10@zorer.org,CalBooth,Caleb_Booth7228809,2,268.38,3,8,4,upvote,1970
Owen,Gordon,OweGordon2@yahoo.com,OweGordon,Owen_Gordon7815471,2,249.23,7,2,4,downvote,1973
Caleb,Dallas,CalDallas9@iatim.tech,CalDallas,Caleb_Dallas118441,2,270.35,1,7,5,upvote,1974
Rufus,Goldsmith,RufGoldsmith8@brety.org,RufGoldsmith,Rufus_Goldsmith482,2,279.56,2,8,2,downvote,851
Caleb,Lowe,CalLowe2@cispeto.com,CalLowe,Caleb_Lowe68295482,2,218.29,3,4,3,downvote,1971
Matthew,Quinn,MatQuinn2@sheye.org,MatQuinn,Matthew_Quinn15414,2,289.62,7,7,1,upvote,1970
Barry,Harris,BarHarris4@qater.org,BarHarris,Barry_Harris553264,2,228.3,1,8,2,downvote,1973
Ciara,Groves,CiaGroves3@supunk.biz,CiaGroves,Ciara_Groves110570,2,280.49,2,6,2,upvote,1974
Dalia,Lynn,DalLynn10@naiker.biz,DalLynn,Dalia_Lynn43712044,2,277.08,3,4,4,downvote,851
Ciara,Murphy,CiaMurphy5@muall.tech,CiaMurphy,Ciara_Murphy199975,1,293.64,7,7,4,upvote,1971
Kurt,Weston,KurWeston3@joiniaa.com,KurWeston,Kurt_Weston7515076,2,299.76,1,5,4,downvote,1970
Jane,Kelly,JanKelly5@deons.tech,JanKelly,Jane_Kelly18817253,2,210.03,2,2,5,upvote,1973
Daniel,Graham,DanGraham6@irrepsy.com,DanGraham,Daniel_Graham31724,1,268.38,3,5,4,downvote,1974
Marvin,Hope,MarHope2@sheye.org,MarHope,Marvin_Hope8803582,2,273.01,7,7,4,upvote,851
Alan,Morrow,AlaMorrow10@kideod.biz,AlaMorrow,Alan_Morrow2123005,2,237.04,1,7,5,downvote,1971
Wade,Brooks,WadBrooks5@gompie.com,WadBrooks,Wade_Brooks9621416,1,227.15,2,2,2,upvote,1970
Harvey,Randall,HarRandall7@sheye.org,HarRandall,Harvey_Randall1094,1,230.16,3,4,5,downvote,1973
Martin,Dixon,MarDixon8@twipet.com,MarDixon,Martin_Dixon883424,1,209.89,7,6,4,upvote,1974
Meredith,Strong,MerStrong4@deavo.com,MerStrong,Meredith_Strong169,2,252.98,1,3,5,downvote,851
Nick,Bingham,NicBingham4@iatim.tech,NicBingham,Nick_Bingham170477,1,294.68,2,7,2,upvote,1971
Katelyn,Cox,KatCox7@bauros.biz,KatCox,Katelyn_Cox1435058,2,238.81,3,3,1,downvote,1970
Maribel,Ring,MarRing3@extex.org,MarRing,Maribel_Ring527273,1,241.89,7,5,5,downvote,1973
David,Clark,DavClark10@yahoo.com,DavClark,David_Clark9244402,2,287.53,1,1,4,upvote,1974
Nathan,Saunders,NatSaunders7@muall.tech,NatSaunders,Nathan_Saunders138,1,230.1,2,1,2,downvote,851
Julia,Jacobs,JulJacobs1@nanoff.biz,JulJacobs,Julia_Jacobs187591,1,245.81,3,5,4,upvote,1971
Jazmin,Wren,JazWren7@dionrab.com,JazWren,Jazmin_Wren1189634,1,268.47,7,7,3,downvote,1970
Isabella,Morris,IsaMorris4@guentu.biz,IsaMorris,Isabella_Morris128,2,258.08,1,5,1,upvote,1973
Stella,Knight,SteKnight4@famism.biz,SteKnight,Stella_Knight16076,1,237.28,2,4,4,downvote,1974
Bart,Addis,BarAddis1@dionrab.com,BarAddis,Bart_Addis81410914,1,222.44,3,6,3,upvote,851
Carissa,Uddin,CarUddin6@famism.biz,CarUddin,Carissa_Uddin19451,2,240.07,7,3,2,downvote,1971
Francesca,Adler,FraAdler7@naiker.biz,FraAdler,Francesca_Adler102,1,220.52,1,7,1,upvote,1970
Bob,Mooney,BobMooney5@iatim.tech,BobMooney,Bob_Mooney58296633,1,233.91,2,7,1,downvote,1973
Leroy,Harris,LerHarris7@atink.com,LerHarris,Leroy_Harris181222,1,258.94,3,8,1,upvote,1974
Phillip,Bowen,PhiBowen6@fuliss.net,PhiBowen,Phillip_Bowen11364,2,267.67,7,5,4,downvote,851
Anthony,Stevens,AntStevens9@guentu.biz,AntStevens,Anthony_Stevens998,1,263.09,1,1,1,upvote,1971
Henry,Adler,HenAdler4@guentu.biz,HenAdler,Henry_Adler6591429,1,271.59,2,4,2,downvote,1970
Martha,Becker,MarBecker2@extex.org,MarBecker,Martha_Becker14763,2,294.44,3,7,3,upvote,1973
Erick,James,EriJames9@atink.com,EriJames,Erick_James2927618,2,225.97,7,5,3,downvote,1974
Mike,Parker,MikParker7@kideod.biz,MikParker,Mike_Parker1505660,2,249.12,1,1,5,upvote,851
Evie,Townend,EviTownend7@sveldo.biz,EviTownend,Evie_Townend396528,1,251.64,2,2,4,downvote,1971
Chadwick,Attwood,ChaAttwood1@qater.org,ChaAttwood,Chadwick_Attwood55,1,284.79,3,7,3,upvote,1970
Martha,Hopkinson,MarHopkinson8@grannar.com,MarHopkinson,Martha_Hopkinson11,2,237.45,7,8,1,downvote,1973
Maxwell,Warner,MaxWarner7@eirey.tech,MaxWarner,Maxwell_Warner1584,2,268.43,1,8,2,upvote,1974
Matthew,Swan,MatSwan8@cispeto.com,MatSwan,Matthew_Swan192713,1,290.85,2,7,4,downvote,851
Emely,Darcy,EmeDarcy1@bauros.biz,EmeDarcy,Emely_Darcy1709238,2,225.26,3,2,4,upvote,1971
Naomi,Woodcock,NaoWoodcock4@acrit.org,NaoWoodcock,Naomi_Woodcock6060,1,216.59,7,5,2,downvote,1970
Clint,Murphy,CliMurphy8@vetan.org,CliMurphy,Clint_Murphy201216,2,251.21,1,8,4,upvote,1973
Ethan,Rees,EthRees8@corti.com,EthRees,Ethan_Rees32107399,1,245.57,2,8,1,downvote,1974
Ada,Driscoll,AdaDriscoll8@fuliss.net,AdaDriscoll,Ada_Driscoll726386,1,200.51,3,1,5,upvote,851
Phoebe,Reading,PhoReading10@supunk.biz,PhoReading,Phoebe_Reading5829,2,247.82,7,4,1,downvote,1971
Scarlett,Wallace,ScaWallace1@typill.biz,ScaWallace,Scarlett_Wallace85,2,247.74,1,8,4,upvote,1970
Anthony,Drake,AntDrake5@muall.tech,AntDrake,Anthony_Drake15382,1,223.16,2,6,2,downvote,1973
Keira,Whittle,KeiWhittle3@nimogy.biz,KeiWhittle,Keira_Whittle20059,1,207.39,3,7,2,upvote,1974
Jennifer,Freeburn,JenFreeburn6@gmail.com,JenFreeburn,Jennifer_Freeburn2,2,254.51,7,8,3,downvote,851
Joy,Hill,JoyHill5@gembat.biz,JoyHill,Joy_Hill633955547,2,273.59,1,8,4,upvote,1971
Russel,Kirby,RusKirby7@typill.biz,RusKirby,Russel_Kirby833136,1,216.86,2,7,3,downvote,1970
Aisha,Davies,AisDavies9@bungar.biz,AisDavies,Aisha_Davies195920,1,241.69,3,2,4,upvote,1973
Elle,Fox,EllFox2@nanoff.biz,EllFox,Elle_Fox103625582,2,272.73,7,6,3,downvote,1974
Benny,Graham,BenGraham4@typill.biz,BenGraham,Benny_Graham167861,2,229.43,1,8,2,upvote,851
Penelope,Lindop,PenLindop8@tonsy.org,PenLindop,Penelope_Lindop320,2,229.97,2,5,5,downvote,1971
Adina,Grey,AdiGrey7@jiman.org,AdiGrey,Adina_Grey84917417,1,258.32,3,3,2,upvote,1970
Jackeline,Locke,JacLocke3@famism.biz,JacLocke,Jackeline_Locke338,2,252.44,7,6,1,downvote,1973
Hank,Ainsworth,HanAinsworth2@guentu.biz,HanAinsworth,Hank_Ainsworth2060,1,295.78,1,5,2,downvote,1974
Tom,Bailey,TomBailey7@qater.org,TomBailey,Tom_Bailey36770547,1,226.17,2,8,4,upvote,851
Gil,Harvey,GilHarvey3@extex.org,GilHarvey,Gil_Harvey67444623,2,268.11,3,8,5,downvote,1971
Javier,Tailor,JavTailor5@supunk.biz,JavTailor,Javier_Tailor46831,1,281.04,7,8,1,upvote,1970
Jolene,Walker,JolWalker1@guentu.biz,JolWalker,Jolene_Walker10799,2,238.27,1,7,1,downvote,1973
Juliette,May,JulMay5@guentu.biz,JulMay,Juliette_May271504,2,252.06,2,4,4,upvote,1974
Sebastian,Lunt,SebLunt9@cispeto.com,SebLunt,Sebastian_Lunt1704,2,232.64,3,1,1,downvote,851
Johnny,Crawford,JohCrawford6@eirey.tech,JohCrawford,Johnny_Crawford148,2,257.05,7,4,5,upvote,1971
Sara,Gunn,SarGunn9@fuliss.net,SarGunn,Sara_Gunn139231803,2,224.91,1,1,5,downvote,1970
Johnny,Harper,JohHarper2@nanoff.biz,JohHarper,Johnny_Harper40695,1,288.94,2,3,3,upvote,1973
Fred,Stevens,FreStevens10@deavo.com,FreStevens,Fred_Stevens113178,2,207.51,3,6,4,downvote,1974
Denny,Osmond,DenOsmond1@brety.org,DenOsmond,Denny_Osmond147070,1,273.97,7,3,3,downvote,851
Lara,Irving,LarIrving7@naiker.biz,LarIrving,Lara_Irving7571464,1,273.46,1,1,1,upvote,1971
Rick,Gonzales,RicGonzales9@naiker.biz,RicGonzales,Rick_Gonzales18761,1,212.85,2,7,1,downvote,1970
Rocco,Forester,RocForester10@acrit.org,RocForester,Rocco_Forester1582,1,285.56,3,6,5,upvote,1973
Liam,Michael,LiaMichael9@naiker.biz,LiaMichael,Liam_Michael101267,2,251.89,7,5,2,downvote,1974
Leslie,Wilde,LesWilde10@supunk.biz,LesWilde,Leslie_Wilde376196,1,247.42,1,3,5,upvote,851
Harmony,Tutton,HarTutton7@eirey.tech,HarTutton,Harmony_Tutton1050,2,210.53,2,1,4,downvote,1971
Manuel,Dwyer,ManDwyer6@irrepsy.com,ManDwyer,Manuel_Dwyer158415,2,277.15,3,7,3,downvote,1970
Lillian,Power,LilPower6@cispeto.com,LilPower,Lillian_Power18023,1,249.27,7,6,5,upvote,1973
Josh,Rehman,JosRehman3@nickia.com,JosRehman,Josh_Rehman6425061,2,272.4,1,4,1,downvote,1974
Nate,Pearce,NatPearce6@kideod.biz,NatPearce,Nate_Pearce1598015,1,271.21,2,3,2,upvote,851
Hank,Warden,HanWarden2@twipet.com,HanWarden,Hank_Warden1889723,2,269.69,3,4,4,downvote,1971
Ron,Tindall,RonTindall8@twipet.com,RonTindall,Ron_Tindall1745656,2,280.63,7,2,1,upvote,1970
Charlize,Seymour,ChaSeymour9@corti.com,ChaSeymour,Charlize_Seymour33,2,227.18,1,3,4,downvote,1973
Denny,Nayler,DenNayler4@extex.org,DenNayler,Denny_Nayler148528,1,293.18,2,7,1,upvote,1974
Chadwick,Hamilton,ChaHamilton1@twipet.com,ChaHamilton,Chadwick_Hamilton1,1,287.13,3,1,1,downvote,851
Benjamin,Cadman,BenCadman10@cispeto.com,BenCadman,Benjamin_Cadman900,2,227.68,7,3,2,upvote,1971
Natalie,Cameron,NatCameron9@womeona.net,NatCameron,Natalie_Cameron884,1,203.63,1,2,2,downvote,1970
Karla,Upsdell,KarUpsdell1@famism.biz,KarUpsdell,Karla_Upsdell89125,1,250.23,2,4,2,upvote,1973
Fred,Walker,FreWalker7@kideod.biz,FreWalker,Fred_Walker1551009,2,204.58,3,6,4,downvote,1974
Marvin,Nelson,MarNelson5@bauros.biz,MarNelson,Marvin_Nelson72984,2,212.94,7,7,1,upvote,851
Jessica,Patel,JesPatel6@supunk.biz,JesPatel,Jessica_Patel10827,1,282.3,1,5,4,downvote,1971
Daniel,Mould,DanMould7@sheye.org,DanMould,Daniel_Mould177644,2,273.76,2,1,3,upvote,1970
Daniel,Richards,DanRichards3@infotech44.tech,DanRichards,Daniel_Richards878,1,221.05,3,5,5,downvote,1973
Elly,Yoman,EllYoman9@twipet.com,EllYoman,Elly_Yoman33600779,1,276.95,7,2,4,downvote,1974
Tom,Hood,TomHood6@gembat.biz,TomHood,Tom_Hood151852081,1,211.12,1,5,3,upvote,851
Owen,Baxter,OweBaxter10@eirey.tech,OweBaxter,Owen_Baxter1737140,1,252.59,2,8,3,downvote,1971
Anthony,Gilbert,AntGilbert4@yahoo.com,AntGilbert,Anthony_Gilbert124,1,217.83,3,2,4,upvote,1970
Aisha,Spencer,AisSpencer6@bulaffy.com,AisSpencer,Aisha_Spencer21453,2,287.79,7,2,5,downvote,1973
Greta,Larkin,GreLarkin6@dionrab.com,GreLarkin,Greta_Larkin137654,2,279.01,1,6,5,upvote,1974
Nate,Griffiths,NatGriffiths8@ubusive.com,NatGriffiths,Nate_Griffiths6020,1,246.16,2,6,4,downvote,851
Bryon,White,BryWhite6@sheye.org,BryWhite,Bryon_White1745128,1,279.65,3,4,4,upvote,1971
Benjamin,Olivier,BenOlivier4@gembat.biz,BenOlivier,Benjamin_Olivier14,2,295.53,7,6,4,downvote,1970
Carter,Stewart,CarStewart3@gompie.com,CarStewart,Carter_Stewart3683,1,216.01,1,4,2,upvote,1973
Daniel,Parker,DanParker7@ubusive.com,DanParker,Daniel_Parker19156,2,275.15,2,6,3,downvote,1974
Ryan,Griffiths,RyaGriffiths1@ovock.tech,RyaGriffiths,Ryan_Griffiths1344,1,226.94,3,3,3,downvote,851
Harry,Graham,HarGraham5@sheye.org,HarGraham,Harry_Graham165434,2,229.31,7,5,3,upvote,1971
Rufus,Latham,RufLatham5@grannar.com,RufLatham,Rufus_Latham784002,1,247.71,1,3,4,downvote,1970
Hank,Harrison,HanHarrison8@naiker.biz,HanHarrison,Hank_Harrison12531,1,261.05,2,5,3,upvote,1973
Tania,Anderson,TanAnderson8@sheye.org,TanAnderson,Tania_Anderson1371,2,235.07,3,5,1,downvote,1974
Alexa,Jackson,AleJackson6@infotech44.tech,AleJackson,Alexa_Jackson94196,2,206.43,7,1,5,upvote,851
David,Wood,DavWood6@yahoo.com,DavWood,David_Wood33542864,2,294.27,1,8,1,downvote,1971
Harvey,Calderwood,HarCalderwood10@nimogy.biz,HarCalderwood,Harvey_Calderwood1,2,239.36,2,8,4,upvote,1970
Enoch,Shaw,EnoShaw7@naiker.biz,EnoShaw,Enoch_Shaw10795164,1,249.09,3,8,4,downvote,1973
Kurt,Abbey,KurAbbey8@nimogy.biz,KurAbbey,Kurt_Abbey29541087,1,236.07,7,3,4,upvote,1974
Barney,Nanton,BarNanton6@bretoux.com,BarNanton,Barney_Nanton17723,2,259.78,1,7,2,downvote,851
Matthew,Edley,MatEdley2@dionrab.com,MatEdley,Matthew_Edley68020,2,212.17,2,2,2,upvote,1971
Rufus,Baxter,RufBaxter5@dionrab.com,RufBaxter,Rufus_Baxter195128,1,221.68,3,4,2,downvote,1970
Tyler,Townend,TylTownend4@fuliss.net,TylTownend,Tyler_Townend21185,2,295.86,7,3,1,upvote,1973
Denny,Ross,DenRoss6@vetan.org,DenRoss,Denny_Ross11628211,1,283.35,1,8,2,downvote,1974
Mark,Upsdell,MarUpsdell7@twipet.com,MarUpsdell,Mark_Upsdell394155,1,285.79,2,1,3,upvote,851
Johnathan,Parsons,JohParsons9@nickia.com,JohParsons,Johnathan_Parsons2,2,203.63,3,4,5,downvote,1971
Aurelia,Stanton,AurStanton3@nickia.com,AurStanton,Aurelia_Stanton100,2,245.31,7,7,3,upvote,1970
Jacob,Myatt,JacMyatt9@extex.org,JacMyatt,Jacob_Myatt9832677,2,233.6,1,6,2,downvote,1973
Mark,Pitt,MarPitt8@fuliss.net,MarPitt,Mark_Pitt137654563,2,230.6,2,1,5,upvote,1974
Manuel,Umney,ManUmney2@elnee.tech,ManUmney,Manuel_Umney604396,2,272.08,3,7,1,downvote,851
Aiden,Gregory,AidGregory10@hourpy.biz,AidGregory,Aiden_Gregory19660,1,230.52,7,8,1,upvote,1971
Abdul,Hopkins,AbdHopkins6@bulaffy.com,AbdHopkins,Abdul_Hopkins10491,1,236.11,1,4,2,downvote,1970
Camila,Khan,CamKhan7@joiniaa.com,CamKhan,Camila_Khan1953926,1,277.08,2,4,4,upvote,1973
Elijah,Wigley,EliWigley3@sveldo.biz,EliWigley,Elijah_Wigley14374,1,297.25,3,4,1,downvote,1974
Teagan,Horton,TeaHorton10@famism.biz,TeaHorton,Teagan_Horton95805,2,234.79,7,3,4,upvote,851
Marvin,Oswald,MarOswald7@deons.tech,MarOswald,Marvin_Oswald10055,2,229.19,1,7,3,downvote,1971
Carmen,Whittle,CarWhittle8@joiniaa.com,CarWhittle,Carmen_Whittle1808,2,233.53,2,2,2,upvote,1970
Russel,Hill,RusHill2@nickia.com,RusHill,Russel_Hill7827597,1,268.63,3,8,3,downvote,1973
John,Allcott,JohAllcott1@yahoo.com,JohAllcott,John_Allcott180565,2,271.59,7,4,2,upvote,1974
Chris,Archer,ChrArcher6@infotech44.tech,ChrArcher,Chris_Archer176063,2,259.03,1,5,2,downvote,851
Eduardo,Thorpe,EduThorpe5@typill.biz,EduThorpe,Eduardo_Thorpe1799,1,293.97,2,2,1,upvote,1971
Camden,Carson,CamCarson7@typill.biz,CamCarson,Camden_Carson15158,1,236.27,3,2,1,downvote,1970
Ryan,Pearson,RyaPearson7@twace.org,RyaPearson,Ryan_Pearson678977,1,218.3,7,3,1,upvote,1973
Dakota,Welsch,DakWelsch8@gompie.com,DakWelsch,Dakota_Welsch75805,1,209.85,1,2,3,downvote,1974
Irene,Graham,IreGraham1@famism.biz,IreGraham,Irene_Graham183300,2,205.06,2,1,1,upvote,851
Bree,Gordon,BreGordon4@naiker.biz,BreGordon,Bree_Gordon3309294,2,206.27,3,1,5,downvote,1971
Carmen,Robertson,CarRobertson3@cispeto.com,CarRobertson,Carmen_Robertson50,2,244.08,7,8,1,upvote,1970
Vivian,Fisher,VivFisher2@yahoo.com,VivFisher,Vivian_Fisher14885,1,271.06,1,7,4,downvote,1973
Gil,Saunders,GilSaunders3@gembat.biz,GilSaunders,Gil_Saunders184939,1,245.81,2,5,3,upvote,1974
Elijah,Tate,EliTate5@ubusive.com,EliTate,Elijah_Tate9241583,2,283.79,3,3,2,downvote,851
Ramon,Drew,RamDrew7@bulaffy.com,RamDrew,Ramon_Drew91243059,1,253.12,7,4,2,upvote,1971
Caleb,Tanner,CalTanner5@bulaffy.com,CalTanner,Caleb_Tanner538761,2,287.57,1,7,1,downvote,1970
Peter,Pearson,PetPearson4@hourpy.biz,PetPearson,Peter_Pearson19378,1,234.82,2,5,1,upvote,1973
Sebastian,Wills,SebWills3@supunk.biz,SebWills,Sebastian_Wills832,1,227.32,3,3,3,downvote,1974
Caleb,Sawyer,CalSawyer1@ovock.tech,CalSawyer,Caleb_Sawyer520718,1,253.3,7,7,3,upvote,851
Joseph,Tanner,JosTanner2@supunk.biz,JosTanner,Joseph_Tanner14105,1,274.92,1,5,3,downvote,1971
Gwen,Reid,GweReid9@zorer.org,GweReid,Gwen_Reid212363208,2,205.81,2,4,3,upvote,1970
Monica,Bristow,MonBristow2@naiker.biz,MonBristow,Monica_Bristow5640,1,232.87,3,3,3,downvote,1973
Owen,Wigley,OweWigley10@jiman.org,OweWigley,Owen_Wigley1082546,2,205.56,7,6,3,upvote,1974
Juliet,Lucas,JulLucas7@eirey.tech,JulLucas,Juliet_Lucas392196,1,228.72,1,7,2,downvote,851
Michaela,Cassidy,MicCassidy10@nickia.com,MicCassidy,Michaela_Cassidy20,2,238.48,2,2,2,upvote,1971
Valerie,Redwood,ValRedwood2@fuliss.net,ValRedwood,Valerie_Redwood701,2,224.97,3,5,4,downvote,1970
Jack,Andersson,JacAndersson3@yahoo.com,JacAndersson,Jack_Andersson2113,1,262.09,7,1,1,upvote,1973
Elise,Davies,EliDavies5@vetan.org,EliDavies,Elise_Davies651167,1,267.25,1,5,5,downvote,1974
Peyton,Hogg,PeyHogg8@womeona.net,PeyHogg,Peyton_Hogg8059712,2,258.42,2,2,3,upvote,851
Nate,Mcgee,NatMcgee9@atink.com,NatMcgee,Nate_Mcgee14540850,1,275.76,3,7,4,downvote,1971
Francesca,Wade,FraWade9@yahoo.com,FraWade,Francesca_Wade1961,1,282.23,7,8,3,upvote,1970
Melanie,Edley,MelEdley10@sveldo.biz,MelEdley,Melanie_Edley13969,2,239.19,1,7,5,downvote,1973
Barry,Watson,BarWatson8@eirey.tech,BarWatson,Barry_Watson139509,2,219.96,2,3,4,upvote,1974
David,Lee,DavLee5@liret.org,DavLee,David_Lee179411736,1,286.43,3,1,4,downvote,851
Dorothy,Davies,DorDavies10@nickia.com,DorDavies,Dorothy_Davies1512,1,202.02,7,8,5,upvote,1971
Marvin,Farrell,MarFarrell9@sheye.org,MarFarrell,Marvin_Farrell2599,2,242.59,1,3,5,downvote,1970
David,Ebden,DavEbden1@supunk.biz,DavEbden,David_Ebden8318313,1,294.28,2,7,1,upvote,1973
Elly,Lindsay,EllLindsay1@corti.com,EllLindsay,Elly_Lindsay974671,2,212.2,3,6,4,downvote,1974
Peter,Walter,PetWalter6@infotech44.tech,PetWalter,Peter_Walter574807,1,229.84,7,6,4,upvote,851
Doris,Grey,DorGrey2@mafthy.com,DorGrey,Doris_Grey14723761,2,264.84,1,5,2,downvote,1971
Elisabeth,Underhill,EliUnderhill9@hourpy.biz,EliUnderhill,Elisabeth_Underhil,1,205.43,2,8,5,upvote,1970
Rosalee,Widdows,RosWiddows8@dionrab.com,RosWiddows,Rosalee_Widdows588,1,282.84,3,4,4,downvote,1973
Bob,Lucas,BobLucas10@hourpy.biz,BobLucas,Bob_Lucas204470227,2,287.48,7,4,1,upvote,1974
Elly,Rehman,EllRehman2@vetan.org,EllRehman,Elly_Rehman2682472,2,267.32,1,5,4,downvote,851
Aeris,Dyson,AerDyson5@zorer.org,AerDyson,Aeris_Dyson5882271,2,261.19,2,8,5,upvote,1971
Chloe,Willson,ChlWillson7@atink.com,ChlWillson,Chloe_Willson16589,2,278.86,3,3,3,downvote,1970
Ilona,Taylor,IloTaylor3@fuliss.net,IloTaylor,Ilona_Taylor160481,1,282.87,7,5,3,upvote,1973
Laila,Baker,LaiBaker9@sheye.org,LaiBaker,Laila_Baker1519373,1,246.34,1,4,1,downvote,1974
Julius,Grey,JulGrey4@dionrab.com,JulGrey,Julius_Grey6570343,2,224.14,2,1,1,upvote,851
Nick,Todd,NicTodd8@jiman.org,NicTodd,Nick_Todd133907137,1,256.14,3,5,3,downvote,1971
Mavis,Thompson,MavThompson4@supunk.biz,MavThompson,Mavis_Thompson1416,2,290.1,7,1,3,upvote,1970
Rosalie,Price,RosPrice2@naiker.biz,RosPrice,Rosalie_Price90227,1,209.7,1,8,1,downvote,1973
Rihanna,Upton,RihUpton8@zorer.org,RihUpton,Rihanna_Upton19573,2,238.13,2,2,2,upvote,1974
Roger,Ring,RogRing2@cispeto.com,RogRing,Roger_Ring11292278,2,275.84,3,4,3,downvote,851
Caleb,Jones,CalJones2@gompie.com,CalJones,Caleb_Jones1610307,1,268.21,7,8,3,upvote,1971
Logan,Donnelly,LogDonnelly9@kideod.biz,LogDonnelly,Logan_Donnelly3224,2,243.17,1,6,5,downvote,1970
Johnathan,Roberts,JohRoberts4@nanoff.biz,JohRoberts,Johnathan_Roberts1,1,234,2,3,5,upvote,1973
Jayden,Paterson,JayPaterson1@hourpy.biz,JayPaterson,Jayden_Paterson150,2,270.49,3,5,5,downvote,1974
Angel,Snow,AngSnow7@hourpy.biz,AngSnow,Angel_Snow13493897,2,269.91,7,1,1,upvote,851
Manuel,Jarrett,ManJarrett5@extex.org,ManJarrett,Manuel_Jarrett7777,1,244.43,1,5,3,downvote,1971
Chester,Notman,CheNotman3@gmail.com,CheNotman,Chester_Notman1853,1,272.18,2,4,1,upvote,1970
Tyson,Richards,TysRichards6@famism.biz,TysRichards,Tyson_Richards1847,2,207.99,3,8,5,downvote,1973
Tyson,Wright,TysWright5@jiman.org,TysWright,Tyson_Wright161315,2,225.6,7,6,5,upvote,1974
Danny,Snell,DanSnell9@atink.com,DanSnell,Danny_Snell1012544,1,267.25,1,3,2,downvote,851
Kieth,Greenwood,KieGreenwood10@gembat.biz,KieGreenwood,Kieth_Greenwood184,2,265.92,2,4,5,upvote,1971
Chuck,Fox,ChuFox5@elnee.tech,ChuFox,Chuck_Fox226521684,1,291.88,3,3,1,downvote,1970
Courtney,Ross,CouRoss4@dionrab.com,CouRoss,Courtney_Ross98659,1,295.86,7,5,3,upvote,1973
Mona,Simmons,MonSimmons10@tonsy.org,MonSimmons,Mona_Simmons199196,1,268.02,1,2,4,downvote,1974
Maddison,Needham,MadNeedham7@mafthy.com,MadNeedham,Maddison_Needham64,2,246.28,2,1,5,upvote,851
Michael,Shaw,MicShaw9@nanoff.biz,MicShaw,Michael_Shaw845455,2,245.96,3,6,4,downvote,1971
Isabel,Campbell,IsaCampbell3@atink.com,IsaCampbell,Isabel_Campbell110,2,246.13,7,6,5,upvote,1970
Clint,Benfield,CliBenfield4@guentu.biz,CliBenfield,Clint_Benfield1723,1,270.98,1,8,3,downvote,1973
Peter,Radcliffe,PetRadcliffe3@zorer.org,PetRadcliffe,Peter_Radcliffe122,2,288.29,2,5,4,upvote,1974
Lucas,Needham,LucNeedham10@eirey.tech,LucNeedham,Lucas_Needham20642,1,278.89,3,7,1,downvote,851
Doug,Cassidy,DouCassidy4@tonsy.org,DouCassidy,Doug_Cassidy219996,2,214.21,7,6,2,upvote,1971
Marissa,Flack,MarFlack6@deavo.com,MarFlack,Marissa_Flack17494,2,241.4,1,5,3,downvote,1970
Chelsea,Rose,CheRose2@bretoux.com,CheRose,Chelsea_Rose531142,2,235.89,2,1,1,upvote,1973
Luke,Shaw,LukShaw8@guentu.biz,LukShaw,Luke_Shaw19442637,2,271.48,3,1,3,upvote,1974
Bridget,Healy,BriHealy4@nickia.com,BriHealy,Bridget_Healy14011,2,221.44,7,6,1,downvote,851
Jessica,Ianson,JesIanson6@jiman.org,JesIanson,Jessica_Ianson2065,1,255.24,1,8,5,downvote,1971
Emery,Clark,EmeClark8@dionrab.com,EmeClark,Emery_Clark7548999,2,238.44,2,5,5,upvote,1970
Piper,Cassidy,PipCassidy5@kideod.biz,PipCassidy,Piper_Cassidy41522,2,220.82,3,4,2,downvote,1973
Cecilia,Simpson,CecSimpson3@muall.tech,CecSimpson,Cecilia_Simpson836,1,246.94,7,8,3,upvote,1974
Erick,Thomson,EriThomson9@jiman.org,EriThomson,Erick_Thomson28513,1,234.48,1,7,5,upvote,851
Jules,Douglas,JulDouglas5@ubusive.com,JulDouglas,Jules_Douglas13887,1,288.33,2,1,2,downvote,1971
Crystal,Coleman,CryColeman4@corti.com,CryColeman,Crystal_Coleman199,1,289.11,3,5,3,downvote,1970
Joseph,Becker,JosBecker3@nimogy.biz,JosBecker,Joseph_Becker10479,1,237.26,7,7,5,upvote,1973
Chuck,Andrews,ChuAndrews6@nanoff.biz,ChuAndrews,Chuck_Andrews72465,1,203.46,1,8,3,downvote,1974
Wendy,Gonzales,WenGonzales7@infotech44.tech,WenGonzales,Wendy_Gonzales1625,1,296.72,2,7,5,upvote,851
Logan,Mullins,LogMullins4@mafthy.com,LogMullins,Logan_Mullins24809,2,249.01,3,5,2,downvote,1971
Tony,Rainford,TonRainford1@hourpy.biz,TonRainford,Tony_Rainford13133,2,235.1,7,5,3,upvote,1970
Carmella,Harrison,CarHarrison10@gembat.biz,CarHarrison,Carmella_Harrison4,1,244.58,1,7,2,downvote,1973
Phoebe,Exton,PhoExton4@ubusive.com,PhoExton,Phoebe_Exton196732,2,242.69,2,1,1,upvote,1974
Beatrice,Brock,BeaBrock4@cispeto.com,BeaBrock,Beatrice_Brock4869,1,221.87,3,6,4,downvote,851
Denis,Wood,DenWood5@acrit.org,DenWood,Denis_Wood17870257,1,247.87,7,7,3,upvote,1971
Alison,Briggs,AliBriggs4@dionrab.com,AliBriggs,Alison_Briggs67466,2,237.03,1,6,2,downvote,1970
Benjamin,Kennedy,BenKennedy9@bretoux.com,BenKennedy,Benjamin_Kennedy58,1,271.38,2,2,3,upvote,1973
Jenna,Ianson,JenIanson5@jiman.org,JenIanson,Jenna_Ianson204989,2,237.49,3,5,2,downvote,1974
Parker,Quinton,ParQuinton10@bretoux.com,ParQuinton,Parker_Quinton7998,1,212.81,7,3,1,upvote,851
Felicity,Neal,FelNeal7@ovock.tech,FelNeal,Felicity_Neal49547,1,255.01,1,5,1,downvote,1971
Adina,Collingwood,AdiCollingwood10@cispeto.com,AdiCollingwood,Adina_Collingwood1,1,223.63,2,4,4,upvote,1970
Camila,Herbert,CamHerbert2@tonsy.org,CamHerbert,Camila_Herbert7544,1,246.59,3,8,1,downvote,1973
Leslie,Russell,LesRussell3@sveldo.biz,LesRussell,Leslie_Russell5555,2,266.41,7,2,3,upvote,1974
Sebastian,Barclay,SebBarclay4@womeona.net,SebBarclay,Sebastian_Barclay2,1,231.51,1,4,1,downvote,851
Maria,Funnell,MarFunnell3@deavo.com,MarFunnell,Maria_Funnell13623,1,281.37,2,2,1,upvote,1971
Zara,Andrews,ZarAndrews9@nimogy.biz,ZarAndrews,Zara_Andrews166250,2,216.63,3,7,4,downvote,1970
Kaylee,Blackburn,KayBlackburn7@muall.tech,KayBlackburn,Kaylee_Blackburn15,2,224.98,7,4,1,upvote,1973
Logan,Knight,LogKnight10@acrit.org,LogKnight,Logan_Knight197118,2,291.4,1,3,5,downvote,1974
Jade,Newman,JadNewman8@atink.com,JadNewman,Jade_Newman8177040,1,274.87,2,1,3,upvote,851
Jennifer,Gardner,JenGardner6@infotech44.tech,JenGardner,Jennifer_Gardner19,2,278.23,3,3,3,downvote,1971
Rowan,Bryson,RowBryson5@acrit.org,RowBryson,Rowan_Bryson127329,2,237.53,7,2,2,upvote,1970
Carl,Forth,CarForth2@deons.tech,CarForth,Carl_Forth16844457,2,261.59,1,7,4,downvote,1973
Wendy,Robinson,WenRobinson9@gembat.biz,WenRobinson,Wendy_Robinson1210,1,225.31,2,8,4,upvote,1974
Maxwell,Rothwell,MaxRothwell7@nimogy.biz,MaxRothwell,Maxwell_Rothwell14,2,234.49,3,1,3,downvote,851
Tyson,Jordan,TysJordan1@sveldo.biz,TysJordan,Tyson_Jordan142211,2,229.75,7,3,5,upvote,1971
